fold,variant,beta,strategy,Train_RMSE,Train_MAE,Train_R2,Val_RMSE,Val_MAE,Val_R2,Test_RMSE,Test_MAE,Test_R2,reserveorgan-8-R2,reserveorgan-8-RMSE,reserveorgan-8-MAE,reserveorgan-7-R2,reserveorgan-7-RMSE,reserveorgan-7-MAE,reserveorgan-6-R2,reserveorgan-6-RMSE,reserveorgan-6-MAE,reserveorgan-5-R2,reserveorgan-5-RMSE,reserveorgan-5-MAE,reserveorgan-4-R2,reserveorgan-4-RMSE,reserveorgan-4-MAE,reserveorgan-3-R2,reserveorgan-3-RMSE,reserveorgan-3-MAE,reserveorgan-2-R2,reserveorgan-2-RMSE,reserveorgan-2-MAE,reserveorgan-1-R2,reserveorgan-1-RMSE,reserveorgan-1-MAE,is_best_beta,best_beta,model_name
1,no_attention,0.8,no_masking,0.27362397,0.2458859384059906,0.9988937973976135,1.4818614,1.0545178651809692,0.9675561785697937,2.8696308587096686,1.7812260389328003,0.8711960315704346,0.9206845760345459,2.2518541325881536,1.4935599565505981,0.9210274815559387,2.246981503399045,1.518472671508789,0.9086241126060486,2.4170035313812077,1.5713772773742676,0.9048831462860107,2.465983905464364,1.5688674449920654,0.9033166170120239,2.486207202449048,1.547066330909729,0.8453934788703918,3.143947836261179,1.9570162296295166,0.8661685585975647,2.925098619673267,1.8769179582595825,0.6994705200195312,4.383338393485239,2.7165303230285645,True,0.8,OSB-WMHA-AWA-MOCE
2,no_attention,0.8,no_masking,0.26135734,0.22754862904548645,0.9989907741546631,1.1540337,0.7842186689376831,0.9803232550621033,2.8448241165044306,1.8170474767684937,0.8734133243560791,0.9123504161834717,2.367207945681867,1.619757890701294,0.908703088760376,2.4159584871287714,1.6400353908538818,0.899071455001831,2.5402035071480102,1.668639898300171,0.8926218152046204,2.6201099988545162,1.694451093673706,0.8927708864212036,2.6182905463258366,1.6345486640930176,0.8554016947746277,3.0404860587293663,1.982388973236084,0.8709017038345337,2.8729079554598393,1.844449520111084,0.7554857134819031,3.9537895759775075,2.452108860015869,True,0.8,OSB-WMHA-AWA-MOCE
3,no_attention,0.8,no_masking,0.21873869,0.17756763100624084,0.9992930889129639,1.8547966,0.8387048244476318,0.9491713047027588,2.7457641577412515,1.726282000541687,0.8820756077766418,0.9342296123504639,2.0505797659580076,1.4497729539871216,0.9320870041847229,2.0837129882747485,1.4621211290359497,0.930019736289978,2.1151891758141166,1.4696316719055176,0.9223449230194092,2.228159656228386,1.490440845489502,0.9122487306594849,2.3685807260708485,1.5619628429412842,0.8947775363922119,2.5936760949325968,1.7189117670059204,0.8724980354309082,2.855090657680456,1.7616897821426392,0.6583994626998901,4.67326839425484,2.8957250118255615,True,0.8,OSB-WMHA-AWA-MOCE
4,no_attention,0.8,no_masking,0.16813861,0.1379171907901764,0.9995822906494141,1.7811171,0.9740139842033386,0.9531292915344238,2.7644365418785593,1.6967946290969849,0.8804662823677063,0.9291893243789673,2.127701668779461,1.3658818006515503,0.92777019739151,2.1489170718303683,1.3756804466247559,0.9227394461631775,2.2224930902809206,1.4055323600769043,0.9085031747817993,2.41860268314244,1.5351147651672363,0.9081825017929077,2.4228369986462726,1.5635658502578735,0.8697975873947144,2.885167429014272,1.8325903415679932,0.8961718082427979,2.5764346968379215,1.6436340808868408,0.6813764572143555,4.5133642325383665,2.8523571491241455,True,0.8,OSB-WMHA-AWA-MOCE
5,no_attention,0.8,no_masking,0.70328915,0.5744071006774902,0.992692232131958,2.4853318,1.1337710618972778,0.9087389707565308,2.7387371908051112,1.6671674251556396,0.8826784491539001,0.923959493637085,2.2048749534459438,1.311108112335205,0.9250707030296326,2.1887052213139357,1.3407914638519287,0.9142636656761169,2.3412290112093834,1.4063057899475098,0.9053699970245361,2.4596642485275546,1.4991201162338257,0.9218753576278687,2.234886484356963,1.424464464187622,0.871569037437439,2.8654728473634243,1.8005602359771729,0.8873790502548218,2.6833111254639888,1.81942880153656,0.7119401693344116,4.291437433040265,2.735560178756714,True,0.8,OSB-WMHA-AWA-MOCE
6,no_attention,0.8,no_masking,0.1827036,0.1415168046951294,0.9995068311691284,1.7770889,1.1202099323272705,0.9533410668373108,2.8434874025605437,1.7445495128631592,0.8735322952270508,0.9106054306030273,2.3906557168420814,1.5558253526687622,0.9071592092514038,2.4363007162734953,1.5757343769073486,0.9003612995147705,2.5239195938905343,1.5941717624664307,0.897154688835144,2.5642103674430063,1.607932686805725,0.8917217254638672,2.6310685265090537,1.5844061374664307,0.8550258278846741,3.0444355907295977,1.900673270225525,0.8566961884498596,3.0268458196858825,1.8159682750701904,0.7695338129997253,3.8385309282184568,2.3216850757598877,True,0.8,OSB-WMHA-AWA-MOCE
7,no_attention,0.8,no_masking,0.69248134,0.6024807691574097,0.9929150938987732,2.1062906,1.0826727151870728,0.9344529509544373,2.9861569502118988,1.944488286972046,0.8605231046676636,0.9168310761451721,2.305908190200668,1.6124234199523926,0.9193548560142517,2.270651772149889,1.6011741161346436,0.9113031029701233,2.381308659509356,1.6645522117614746,0.8896702527999878,2.6558760435869226,1.809049367904663,0.906004786491394,2.4514011230259523,1.668255090713501,0.833764374256134,3.2600442756969414,2.160578727722168,0.8632754683494568,2.9565459927859226,1.9935510158538818,0.6439806222915649,4.770877332637184,3.0463225841522217,True,0.8,OSB-WMHA-AWA-MOCE
8,no_attention,0.8,no_masking,0.5193141,0.4655773639678955,0.9960154891014099,1.9191575,1.2889922857284546,0.9455825686454773,2.7257090984579597,1.7248198986053467,0.883791983127594,0.9222138524055481,2.230039324734445,1.4110026359558105,0.9210041761398315,2.2473123180538814,1.447192668914795,0.9121121168136597,2.3704239780713134,1.5134730339050293,0.9078561663627625,2.4271386812854634,1.5461195707321167,0.9118231534957886,2.3743173722485746,1.5524741411209106,0.8558731079101562,3.035526208901712,1.9323593378067017,0.8842381238937378,2.720471418144009,1.824689507484436,0.755215048789978,3.955977183693717,2.5712482929229736,True,0.8,OSB-WMHA-AWA-MOCE
9,no_attention,0.8,no_masking,0.4319741,0.3507312834262848,0.9972430467605591,2.6822388,1.4774365425109863,0.8937053680419922,2.6520432314621476,1.6347274780273438,0.8899884223937988,0.9355749487876892,2.0294985923339293,1.3071913719177246,0.9350948929786682,2.03704652478998,1.3352317810058594,0.9275060892105103,2.1528422752754404,1.3914393186569214,0.9142041206359863,2.3420415118974574,1.4816741943359375,0.9235951900482178,2.2101505887608655,1.3753173351287842,0.856285035610199,3.0311848741594445,1.9131814241409302,0.8883943557739258,2.6711888017726446,1.73378586769104,0.7392529249191284,4.082923141948259,2.5399978160858154,True,0.8,OSB-WMHA-AWA-MOCE
10,no_attention,0.8,no_masking,0.45687371,0.4016023278236389,0.9969160556793213,1.7644631,1.1737326383590698,0.9540017247200012,2.8575784010657177,1.7990837097167969,0.872275710105896,0.9217981100082397,2.235991100252623,1.5255885124206543,0.9232852458953857,2.2146285556351915,1.5089668035507202,0.9166203737258911,2.3088272415565787,1.5357102155685425,0.8987866044044495,2.5437851399611864,1.645165205001831,0.9077640771865845,2.4283511298301392,1.5747255086898804,0.8509647846221924,3.0867815239658243,1.9009274244308472,0.8844289779663086,2.7182279063568635,1.8217616081237793,0.6745576858520508,4.561402907480877,2.879823923110962,True,0.8,OSB-WMHA-AWA-MOCE
1,shared_branches,2.0,no_masking,0.5594891,0.4639304280281067,0.9953751564025879,3.1531289,1.968380331993103,0.8531073331832886,3.824998474120789,2.4364686012268066,0.7711559534072876,0.8931207060813904,2.614015758253843,1.6874759197235107,0.8813427090644836,2.754283862907588,1.8116856813430786,0.8768893480300903,2.8054931673555825,1.8552470207214355,0.8531298637390137,3.0642779113588885,2.0334978103637695,0.8565505743026733,3.02838376792797,2.0944483280181885,0.7279174327850342,4.170727289752746,2.7763030529022217,0.7094955444335938,4.3096087065265145,2.910463571548462,0.37080127000808716,6.342425428891137,4.322625637054443,True,2.0,USB-MHA-AWA-MOCE
2,shared_branches,2.0,no_masking,0.30329576,0.2523702085018158,0.9986408948898315,2.4093359,1.1299656629562378,0.9142347574234009,3.4836526301545923,2.014308214187622,0.8101779222488403,0.8679372668266296,2.9057053906829315,1.6064643859863281,0.867752194404602,2.907740713111728,1.6189522743225098,0.8607825040817261,2.9833787783210703,1.7156929969787598,0.8629690408706665,2.959857351113467,1.6984087228775024,0.8560826778411865,3.0333185118707875,1.791673183441162,0.825833797454834,3.3369017732799753,1.9739888906478882,0.7672039270401001,3.857884663694489,2.371546983718872,0.5728617310523987,5.225714690323057,3.337737798690796,True,2.0,USB-MHA-AWA-MOCE
3,shared_branches,2.0,no_masking,0.4567098,0.34482869505882263,0.996918261051178,2.498944,1.4405205249786377,0.9077365398406982,3.7147273257009163,2.3287277221679688,0.7841604948043823,0.8721604943275452,2.8588671624144313,1.7453501224517822,0.8679731488227844,2.9053105302253965,1.8209521770477295,0.8659789562225342,2.9271699795280584,1.842388391494751,0.8421065211296082,3.1771927778227007,1.98947012424469,0.8560525178909302,3.0336358817272107,1.9795947074890137,0.7395354509353638,4.080710106930733,2.63188099861145,0.7343053817749023,4.121476489187793,2.7638096809387207,0.4951712489128113,5.681113545507022,3.8563756942749023,True,2.0,USB-MHA-AWA-MOCE
4,shared_branches,2.0,no_masking,0.7173165,0.49948641657829285,0.9923978447914124,2.6636739,1.612788438796997,0.8951716423034668,3.4371386251365776,2.1600351333618164,0.8152130842208862,0.9024728536605835,2.4970325024024413,1.4737290143966675,0.8979275226593018,2.5545577736677534,1.5562530755996704,0.8948233723640442,2.5931105227559312,1.5869743824005127,0.878143310546875,2.7911693832297075,1.7522259950637817,0.8764407634735107,2.810600317366725,1.8719946146011353,0.76724773645401,3.8575220022606227,2.4915733337402344,0.7825109958648682,3.728894797418839,2.6239020824432373,0.5221381783485413,5.527294749120255,3.9236276149749756,True,2.0,USB-MHA-AWA-MOCE
5,shared_branches,2.0,no_masking,0.5970016,0.486447811126709,0.9947341680526733,2.7771652,1.7643389701843262,0.8860484957695007,4.242529417980123,2.695932149887085,0.7184686064720154,0.8520988821983337,3.075014508220903,1.916416883468628,0.8397676944732666,3.20063737243752,2.037219285964966,0.8340097665786743,3.257637000902783,2.104043483734131,0.8172402381896973,3.418233527690743,2.252364158630371,0.8222912549972534,3.370667254895549,2.2381129264831543,0.688588559627533,4.461991327609907,2.884816884994507,0.6386644244194031,4.806365822536185,3.2504661083221436,0.25508826971054077,6.901029106464592,4.884018898010254,True,2.0,USB-MHA-AWA-MOCE
6,shared_branches,2.0,no_masking,0.8571753,0.6537755131721497,0.9891443252563477,2.6823454,1.644248366355896,0.8936969041824341,3.3594028205606747,2.186211109161377,0.823477029800415,0.9184701442718506,2.283073010420526,1.463384747505188,0.9136915802955627,2.3490269574095914,1.5299826860427856,0.9069173336029053,2.439472280874549,1.5806663036346436,0.8925967216491699,2.6204162722689546,1.7281523942947388,0.8900911211967468,2.6508056495593637,1.8804773092269897,0.7766238451004028,3.7790259764425334,2.4991118907928467,0.7920771837234497,3.645965457520359,2.672433376312256,0.4973483681678772,5.66885034709971,4.135478973388672,True,2.0,USB-MHA-AWA-MOCE
7,shared_branches,2.0,no_masking,0.58640003,0.5349529981613159,0.9949195384979248,2.0089319,1.2111419439315796,0.9403724670410156,3.9324901134951142,2.4847137928009033,0.7581130862236023,0.8395060896873474,3.203249300894203,2.032593250274658,0.8408052921295166,3.1902576560119975,2.024080991744995,0.8338923454284668,3.2587893551468254,2.0960681438446045,0.8229973316192627,3.3639639805011847,2.126843214035034,0.8194624781608582,3.397388515594163,2.1327567100524902,0.713564395904541,4.279321834991105,2.706469774246216,0.738136887550354,4.091651203776326,2.680264949798584,0.4565398097038269,5.894477535581967,4.078632831573486,True,2.0,USB-MHA-AWA-MOCE
8,shared_branches,2.0,no_masking,0.22876538,0.18096494674682617,0.9992268085479736,2.5333283,1.1499137878417969,0.9051800966262817,3.993923936855973,2.320054054260254,0.750496506690979,0.7838042378425598,3.71779165020493,1.9362133741378784,0.7953175902366638,3.6174431004033445,1.9610472917556763,0.8052346110343933,3.52872099661453,1.9697283506393433,0.8240908980369568,3.3535564333477303,1.9331459999084473,0.8179538249969482,3.411553689725674,2.0549890995025635,0.8067078590393066,3.515349652845744,2.1393580436706543,0.7232409715652466,4.206417113296097,2.645259141921997,0.44762200117111206,5.942643036234258,3.920692205429077,True,2.0,USB-MHA-AWA-MOCE
9,shared_branches,2.0,no_masking,0.7298053,0.5774100422859192,0.9921308159828186,2.6443949,1.5806200504302979,0.8966836333274841,3.6983168407850058,2.254652976989746,0.7860633134841919,0.9102542996406555,2.395345876004578,1.4211894273757935,0.9001914262771606,2.5260698978904603,1.53240168094635,0.890686571598053,2.643615113192391,1.656347632408142,0.8845885992050171,2.7163501539519004,1.7104023694992065,0.8586633801460266,3.0059986540790726,1.9972012042999268,0.7368766665458679,4.1014850718138085,2.6565439701080322,0.7595648765563965,3.920671255482522,2.542207956314087,0.3476805090904236,6.457904661985265,4.520928859710693,True,2.0,USB-MHA-AWA-MOCE
10,shared_branches,2.0,no_masking,0.47744367,0.33444705605506897,0.9966320991516113,2.840489,1.7753735780715942,0.8807927370071411,4.024416076763328,2.545626401901245,0.7466721534729004,0.8559170365333557,3.0350633997320493,1.886841058731079,0.847580075263977,3.1216363733562784,1.9996833801269531,0.8436003923416138,3.1621270182201586,2.043423891067505,0.8274673223495483,3.3212158410408623,2.140874147415161,0.8337560296058655,3.2601260379695853,2.152707099914551,0.6984113454818726,4.391055483094609,2.8400418758392334,0.699346661567688,4.384241860421689,2.884315013885498,0.3672987222671509,6.360054298504977,4.417124271392822,True,2.0,USB-MHA-AWA-MOCE
1,simple_avg,1.0,no_masking,0.63111633,0.583098292350769,0.9941151738166809,2.8331587,1.820438027381897,0.8814072012901306,4.028412049144838,2.6230502128601074,0.746168851852417,0.8426496386528015,3.1717233104796114,2.0663888454437256,0.8352187871932983,3.2457513181014837,2.1158440113067627,0.8307760953903198,3.2892155917459065,2.1719233989715576,0.8051896691322327,3.5291283909787423,2.30151104927063,0.8215540647506714,3.3776513034861804,2.1877851486206055,0.743071436882019,4.0529162703909645,2.675049066543579,0.7037764191627502,4.351823288723853,2.965811252593994,0.38711482286453247,6.259663854476925,4.500087261199951,True,1.0,OSB-MHA-APA-MOCE
2,simple_avg,1.0,no_masking,0.3120983,0.26479020714759827,0.9985608458518982,2.9279718,1.4899204969406128,0.8733367919921875,3.8322132934508573,2.427866220474243,0.770291805267334,0.8507347106933594,3.0891631060335274,1.89716374874115,0.8463228344917297,3.1344845084231827,1.9402697086334229,0.843726396560669,3.160852381511981,2.0243067741394043,0.8075113892555237,3.5080355634898392,2.1947710514068604,0.8178043365478516,3.4129544692580525,2.198993444442749,0.7655423283576965,3.87162855594011,2.4957773685455322,0.727008581161499,4.177687578264669,2.746319532394409,0.5036841034889221,5.63301024704903,3.9253251552581787,True,1.0,OSB-MHA-APA-MOCE
3,simple_avg,1.0,no_masking,0.1571055,0.12212482839822769,0.9996353387832642,2.738445,1.3942075967788696,0.8892038464546204,3.6849531009748655,2.2466318607330322,0.7876065969467163,0.8682731986045837,2.9020072567386976,1.6391161680221558,0.8610503077507019,2.9805077866463905,1.704816222190857,0.8553599715232849,3.040924835319831,1.79958975315094,0.8340803384780884,3.2569450119947105,1.929805874824524,0.8156694173812866,3.4328922253789,2.018214702606201,0.7901039123535156,3.6632250904571086,2.313122510910034,0.7551097869873047,3.9568277139087256,2.639335870742798,0.5212057828903198,5.5326843126212255,3.9290542602539062,True,1.0,OSB-MHA-APA-MOCE
4,simple_avg,1.0,no_masking,0.6203676,0.5050262212753296,0.9943138957023621,2.9831543,1.8213677406311035,0.8685174584388733,3.56370925457213,2.3831064701080322,0.8013531565666199,0.8903757333755493,2.6473705201730913,1.784881591796875,0.8849139213562012,2.7125194671916733,1.8410979509353638,0.8743685483932495,2.834070352923481,1.9287313222885132,0.8647734522819519,2.940305465866596,1.95883047580719,0.8579142689704895,3.0139544509655614,2.0868513584136963,0.7865367531776428,3.694222222881462,2.5747015476226807,0.7545367479324341,3.9614543991343507,2.8221001625061035,0.497406005859375,5.668525652667647,4.067656993865967,True,1.0,OSB-MHA-APA-MOCE
5,simple_avg,1.0,no_masking,0.23464005,0.20322869718074799,0.9991865754127502,2.5717483,1.4342166185379028,0.9022822380065918,4.424687114796115,2.583803415298462,0.6937738656997681,0.8458669781684875,3.1391300420107315,1.8321276903152466,0.8049612045288086,3.5311969314233456,1.97732412815094,0.765562891960144,3.871458711944191,2.124727487564087,0.749956488609314,3.9982433037893514,2.2224013805389404,0.792868971824646,3.6390167744483946,2.0966274738311768,0.6773402690887451,4.54186085043798,2.7003846168518066,0.6362212896347046,4.822586982065223,3.035259246826172,0.27741295099258423,6.796831784165773,4.681576251983643,True,1.0,OSB-MHA-APA-MOCE
6,simple_avg,1.0,no_masking,0.94846016,0.7890705466270447,0.9867091178894043,3.2038052,1.958262324333191,0.8483477830886841,3.846936401571304,2.5143954753875732,0.7685233950614929,0.8574780821800232,3.0185771189719754,1.8541126251220703,0.8531349897384644,3.0642248473472207,1.9041379690170288,0.8491030931472778,3.1060015143435606,1.9655357599258423,0.8334734439849854,3.2628956755767207,2.124528646469116,0.843174934387207,3.1664251101534755,2.2153146266937256,0.7418867349624634,4.062249513386492,2.761249303817749,0.7369877099990845,4.100619543764112,2.914702892303467,0.4329482913017273,6.021057371131343,4.37558126449585,True,1.0,OSB-MHA-APA-MOCE
7,simple_avg,1.0,no_masking,0.7351664,0.6564897298812866,0.9920147657394409,2.5652223,1.4265766143798828,0.9027775526046753,4.490240959039866,2.849950075149536,0.6846328973770142,0.7693464756011963,3.840090614680216,2.376065254211426,0.7732946276664734,3.807082908463069,2.314905881881714,0.7795061469078064,3.7545654480234076,2.347520351409912,0.7274144887924194,4.174580700314404,2.5386109352111816,0.7620636224746704,3.900244773617217,2.434440851211548,0.6760744452476501,4.55076134149347,2.9157800674438477,0.6794784069061279,4.52678739537487,3.076634645462036,0.3098849654197693,6.642356736515792,4.795644283294678,True,1.0,OSB-MHA-APA-MOCE
8,simple_avg,1.0,no_masking,0.31870326,0.2777995467185974,0.99849933385849,2.2051752,1.1346615552902222,0.9281539916992188,3.7643743313797167,2.313856601715088,0.7783525586128235,0.8609954118728638,2.981096154168045,1.6580700874328613,0.8500763773918152,3.095968048601113,1.7418910264968872,0.8381302952766418,3.216949700139867,1.835595965385437,0.827678382396698,3.3191840913433173,1.9485937356948853,0.8248988389968872,3.345846356801632,2.026172399520874,0.7772313952445984,3.773883042973894,2.4496078491210938,0.7475214004516602,4.017665003466332,2.7313928604125977,0.5002883672714233,5.652247408959973,4.1195268630981445,True,1.0,OSB-MHA-APA-MOCE
9,simple_avg,1.0,no_masking,0.83080584,0.7325304746627808,0.9898020029067993,3.1467228,1.973446011543274,0.8537036180496216,4.431520543629836,2.8618874549865723,0.6928272843360901,0.8406698703765869,3.191614375337631,2.1607677936553955,0.8253484964370728,3.341547160179855,2.1771395206451416,0.8160204887390137,3.429621598081962,2.25698184967041,0.7557613849639893,3.9515605740978033,2.5828256607055664,0.7839298248291016,3.7167114312137604,2.40173602104187,0.6808746457099915,4.516916901998591,2.9693403244018555,0.6381086111068726,4.81006074989959,3.264796733856201,0.20190489292144775,7.143133545023572,5.0815110206604,True,1.0,OSB-MHA-APA-MOCE
10,simple_avg,1.0,no_masking,0.42076355,0.3358883261680603,0.997384250164032,3.37166,2.1302945613861084,0.8320406675338745,4.317806130817501,2.6758852005004883,0.708389401435852,0.8201842904090881,3.3905898413175692,2.0521132946014404,0.8021673560142517,3.556398621254271,2.1218578815460205,0.7857152223587036,3.701323896119384,2.215263843536377,0.7577954530715942,3.935071286982025,2.351612091064453,0.7996343970298767,3.5790933023438107,2.2665657997131348,0.6698622703552246,4.594190926702557,2.922727346420288,0.6855770349502563,4.483514683304302,2.890048027038574,0.3461788296699524,6.465333487870135,4.586893558502197,True,1.0,OSB-MHA-APA-MOCE
1,learned_weights,1.0,no_masking,0.33821252,0.3080459535121918,0.9983099699020386,2.795851,1.736307978630066,0.8845099210739136,3.934419547170426,2.422347068786621,0.7578756809234619,0.8100912570953369,3.484447803506508,1.965355634689331,0.8192214965820312,3.399655038499986,1.9404375553131104,0.811119794845581,3.474999099841104,2.0064446926116943,0.793147087097168,3.6365725511446585,2.1372437477111816,0.8210909962654114,3.3820305112052353,2.055915594100952,0.7202021479606628,4.229447429088098,2.690922975540161,0.7435846328735352,4.048866753916063,2.7287745475769043,0.5445480346679688,5.39613427853473,3.853682518005371,True,1.0,OSB-MHA-AWA-MOCE
2,learned_weights,1.0,no_masking,0.76377517,0.6855564117431641,0.9913811683654785,2.8920255,1.7822688817977905,0.8764277696609497,4.205719668099117,2.72033429145813,0.7233327627182007,0.8244287967681885,3.3503338889368024,2.1564629077911377,0.8179934620857239,3.411182437058517,2.1878912448883057,0.8165683150291443,3.424511455581894,2.2263190746307373,0.769781231880188,3.836469997885782,2.4391016960144043,0.7799306511878967,3.750949739351829,2.442634344100952,0.6929764747619629,4.4304444004466665,2.856544017791748,0.7015368938446045,4.36824254921244,2.96529483795166,0.38344621658325195,6.278370363217243,4.488427639007568,True,1.0,OSB-MHA-AWA-MOCE
3,learned_weights,1.0,no_masking,0.19195414,0.1487547904253006,0.9994556307792664,2.555233,1.2579530477523804,0.9035332798957825,3.8363549030636808,2.332996129989624,0.7697950601577759,0.8757296800613403,2.8186759110079302,1.5466917753219604,0.8588204979896545,3.004327672558225,1.6742818355560303,0.8387481570243835,3.2108038435914277,1.859201431274414,0.8277760148048401,3.3182436971726,1.9756287336349487,0.8112148642539978,3.474124216278024,2.0605568885803223,0.7814229130744934,3.7382105837593302,2.4102859497070312,0.7133535146713257,4.280897139883838,2.890064001083374,0.4512949585914612,5.922852770120445,4.24725866317749,True,1.0,OSB-MHA-AWA-MOCE
4,learned_weights,1.0,no_masking,1.0913318,0.8186782002449036,0.9824033379554749,3.0511518,1.90292227268219,0.8624551892280579,3.542483261811873,2.3967177867889404,0.8037124872207642,0.8904334902763367,2.646673734865271,1.7805707454681396,0.8856491446495056,2.703841274376868,1.8448361158370972,0.8776047825813293,2.7973299988337965,1.9547487497329712,0.8654311895370483,2.9331455828084514,2.0105834007263184,0.8639141917228699,2.9496323049242816,2.130302667617798,0.7823331356048584,3.730419026787404,2.5949347019195557,0.7618911862373352,3.901657945399672,2.832331418991089,0.5024426579475403,5.640050800716955,4.025434494018555,True,1.0,OSB-MHA-AWA-MOCE
5,learned_weights,1.0,no_masking,0.2526289,0.21999087929725647,0.9990570545196533,2.667476,1.4248820543289185,0.8948721885681152,4.478136568127722,2.581757068634033,0.6863309144973755,0.7927579879760742,3.639991541422982,1.8686569929122925,0.7683975696563721,3.8479817983708373,2.00234317779541,0.7273238301277161,4.175274667442129,2.1480376720428467,0.7245427370071411,4.196513027280479,2.262148141860962,0.7412914633750916,4.066931083296015,2.30873703956604,0.6715195178985596,4.58264499466135,2.729046106338501,0.618381142616272,4.939424743208792,3.100262403488159,0.4464329481124878,5.949035681790192,4.234825611114502,True,1.0,OSB-MHA-AWA-MOCE
6,learned_weights,1.0,no_masking,0.60626674,0.42829275131225586,0.9945694208145142,3.0555537,1.8541591167449951,0.8620580434799194,3.6567960152109653,2.3171679973602295,0.7908400297164917,0.8847733736038208,2.714175354714602,1.6737762689590454,0.8833541870117188,2.730838777848855,1.7026195526123047,0.8717566728591919,2.863378671443346,1.7875456809997559,0.8481703400611877,3.1155861013235926,1.9438626766204834,0.8391788005828857,3.2065140821777316,2.0671448707580566,0.7696329951286316,3.837705123339793,2.546952247619629,0.7709344029426575,3.8268496510377763,2.674978733062744,0.4589196443557739,5.881557295227261,4.140463352203369,True,1.0,OSB-MHA-AWA-MOCE
7,learned_weights,1.0,no_masking,0.70049655,0.6023299098014832,0.9927501678466797,2.3500278,1.3256865739822388,0.9184051752090454,4.395968731908695,2.795375108718872,0.6977361440658569,0.7717680335044861,3.8198797374788214,2.3549091815948486,0.7674987316131592,3.855441417036788,2.3473238945007324,0.7678835988044739,3.8522490533667524,2.3933939933776855,0.7169162631034851,4.254209789589353,2.600529909133911,0.7526034712791443,3.9770244937072445,2.4444406032562256,0.6559288501739502,4.690137400942715,2.968630075454712,0.6747223138809204,4.560249296032814,3.059882164001465,0.47456759214401245,5.795886508122727,4.193890571594238,True,1.0,OSB-MHA-AWA-MOCE
8,learned_weights,1.0,no_masking,0.3012368,0.2668886184692383,0.9986593127250671,2.5884852,1.1165053844451904,0.9010062217712402,4.030324903695197,2.3963980674743652,0.7459277510643005,0.8554401397705078,3.040082196580035,1.6685470342636108,0.8449206352233887,3.1487522015293203,1.7374322414398193,0.8321517109870911,3.2758191896875797,1.8780876398086548,0.8215381503105164,3.377801650643339,1.963653802871704,0.8192607760429382,3.3992855723885462,2.032500743865967,0.7645371556282043,3.879918944898454,2.4420855045318604,0.7101020812988281,4.3051070824041995,2.855633497238159,0.3194713592529297,6.596060831560936,4.5932440757751465,True,1.0,OSB-MHA-AWA-MOCE
9,learned_weights,1.0,no_masking,1.2207402,0.9859796762466431,0.977982759475708,3.4212627,2.2126760482788086,0.8270623683929443,4.692724952569535,3.1691787242889404,0.6555491089820862,0.7852708697319031,3.7051595901115784,2.6245276927948,0.7701224088668823,3.8336260448873434,2.625246286392212,0.7551083564758301,3.956839162338572,2.718980550765991,0.7306512594223022,4.14972122359087,2.806530237197876,0.7463741302490234,4.02678296895941,2.735617160797119,0.652854859828949,4.711042159453618,3.2593984603881836,0.6483933925628662,4.741218480458727,3.3241426944732666,0.15561747550964355,7.347355643272651,5.2589874267578125,True,1.0,OSB-MHA-AWA-MOCE
10,learned_weights,1.0,no_masking,0.95486724,0.8318871259689331,0.9865289330482483,3.9503715,2.376824140548706,0.7694355249404907,4.5475935220774755,2.951575756072998,0.6765252351760864,0.8183302879333496,3.4080243170322886,2.326587677001953,0.8096560835838318,3.4884374910330864,2.3367457389831543,0.7897136211395264,3.666629111935734,2.4643869400024414,0.7657665610313416,3.8697766200612103,2.5329980850219727,0.7880738377571106,3.680897637230827,2.488790988922119,0.6575326919555664,4.679193690361508,3.132108211517334,0.6466045379638672,4.75326405860388,3.1786720752716064,0.136524498462677,7.429959618110842,5.152315139770508,True,1.0,OSB-MHA-AWA-MOCE
1,no_attention_shared,1.0,no_masking,0.34242824,0.2844896614551544,0.9982675909996033,1.6706309,1.1244728565216064,0.9587638974189758,3.0281244268111718,1.8097635507583618,0.8565751314163208,0.9068276286125183,2.440647440671631,1.4826136827468872,0.9066071510314941,2.4435334482856224,1.5058437585830688,0.8901575207710266,2.650004325719218,1.5816247463226318,0.884531557559967,2.717021962980895,1.643604040145874,0.8889172673225403,2.6649235651101963,1.588428020477295,0.8426098823547363,3.1721243924720097,1.9650872945785522,0.8680020570755005,2.9049924365156925,1.889933705329895,0.6649478673934937,4.62825887152877,2.820974588394165,True,1.0,USB-WMHA-AWA-MOCE
2,no_attention_shared,1.0,no_masking,0.12091907,0.0944095328450203,0.999783992767334,1.140232,0.7723796963691711,0.9807910919189453,3.174732893874496,1.79158353805542,0.8423509001731873,0.8771488070487976,2.8025353975808414,1.6053985357284546,0.8725847005844116,2.854119813260695,1.6553919315338135,0.8576762676239014,3.0164779484627453,1.7148070335388184,0.8637549877166748,2.951357034748188,1.6823257207870483,0.8687512278556824,2.8967370651639794,1.613261342048645,0.8226178288459778,3.367568275535489,1.9301393032073975,0.8446784019470215,3.1512105765140768,1.8272006511688232,0.7315951585769653,4.142444139010714,2.304142713546753,True,1.0,USB-WMHA-AWA-MOCE
3,no_attention_shared,1.0,no_masking,0.3883725,0.34639772772789,0.9977715015411377,1.9849526,0.864582896232605,0.9417874217033386,2.565073442355785,1.5249561071395874,0.8970854878425598,0.9356377720832825,2.028508963189222,1.2302441596984863,0.9354469776153564,2.031513959900054,1.250017762184143,0.9233962893486023,2.213025189152506,1.339944839477539,0.9204073548316956,2.2557863430074825,1.2924712896347046,0.9174837470054626,2.2968424061648904,1.3227429389953613,0.8939580321311951,2.603756183062028,1.6185188293457031,0.8977581262588501,2.5566767142876348,1.6575820446014404,0.7525954246520996,3.9770888783952607,2.4881274700164795,True,1.0,USB-WMHA-AWA-MOCE
4,no_attention_shared,1.0,no_masking,0.25904247,0.20762239396572113,0.9990085959434509,1.3507916,0.8391531705856323,0.9730416536331177,2.5950598109708123,1.5295077562332153,0.8946652412414551,0.927204966545105,2.157308788468,1.2604405879974365,0.920059859752655,2.2607049597029327,1.3348305225372314,0.9079909920692444,2.4253623219806357,1.429514765739441,0.9201657176017761,2.2592078520387138,1.3747599124908447,0.9083213806152344,2.4210039110431807,1.4468296766281128,0.8902624249458313,2.648738967706911,1.636284589767456,0.8946381211280823,2.5953934759636086,1.5895191431045532,0.7886782884597778,3.6756446480578595,2.1638829708099365,True,1.0,USB-WMHA-AWA-MOCE
5,no_attention_shared,1.0,no_masking,0.6355949,0.5799281001091003,0.9940313100814819,1.446144,0.9421190023422241,0.9691013097763062,2.4913035771436545,1.37233304977417,0.9029198884963989,0.9445269107818604,1.8832265944601976,0.9729249477386475,0.9435119032859802,1.900377389169767,1.0239843130111694,0.9283162355422974,2.140779475743223,1.1930972337722778,0.932039201259613,2.0844461774897924,1.1396806240081787,0.9291370511054993,2.1284875860553427,1.2075574398040771,0.8951224088668823,2.589421901034124,1.5306928157806396,0.9115496873855591,2.3779956596982985,1.5284165143966675,0.7391555309295654,4.083685464013376,2.382310390472412,True,1.0,USB-WMHA-AWA-MOCE
6,no_attention_shared,1.0,no_masking,0.44912732,0.31796568632125854,0.9970197081565857,2.6856368,1.3657320737838745,0.8934358358383179,2.5927082405585864,1.6348263025283813,0.8948560357093811,0.937936544418335,1.9919542363053706,1.3181030750274658,0.9364791512489319,2.015206700175839,1.3326771259307861,0.930727481842041,2.1044664704417655,1.412161111831665,0.9262986183166504,2.170696899558904,1.4415478706359863,0.9296457171440125,2.120834419035368,1.3854557275772095,0.8757501840591431,2.8184434609879343,1.801061749458313,0.8938254714012146,2.605383281078007,1.7688415050506592,0.7281850576400757,4.168675942742562,2.618762493133545,True,1.0,USB-WMHA-AWA-MOCE
7,no_attention_shared,1.0,no_masking,0.22023919,0.18447041511535645,0.9992833733558655,1.837815,0.8328049778938293,0.9500977396965027,2.7792651348218347,1.5616493225097656,0.8791804909706116,0.909577488899231,2.404361032951608,1.304155945777893,0.9096863865852356,2.40291304627127,1.3297971487045288,0.8917731046676636,2.630444194428702,1.4338924884796143,0.8878201842308044,2.678051062401232,1.497825026512146,0.8934484720230103,2.610005102773772,1.4861162900924683,0.8790016174316406,2.7813219211151616,1.6481035947799683,0.8900696039199829,2.651064759599173,1.6475492715835571,0.7720671892166138,3.817375442681233,2.14575457572937,True,1.0,USB-WMHA-AWA-MOCE
8,no_attention_shared,1.0,no_masking,0.20929112,0.17784282565116882,0.9993528127670288,1.5103713,0.8984575271606445,0.9662957787513733,2.6521998325680096,1.4656041860580444,0.8899754285812378,0.9241784811019897,2.2016973536757085,1.2075966596603394,0.9201028943061829,2.2600966782273013,1.2457860708236694,0.9038646817207336,2.4791505209346285,1.3694515228271484,0.9140118360519409,2.3446651452285274,1.264493703842163,0.9096072316169739,2.4039660426834235,1.2916452884674072,0.88451087474823,2.717265194993506,1.5558313131332397,0.8983376622200012,2.549420354448587,1.5390346050262451,0.7651898860931396,3.8745370403729114,2.250993490219116,True,1.0,USB-WMHA-AWA-MOCE
9,no_attention_shared,1.0,no_masking,0.16902933,0.14266254007816315,0.9995778799057007,1.9209064,1.1191976070404053,0.945483386516571,2.439944777410994,1.4167193174362183,0.9068812727928162,0.9381340742111206,1.988781639341364,1.1259887218475342,0.9343142509460449,2.049259922138992,1.178744912147522,0.9236106276512146,2.2099269538993918,1.2767431735992432,0.9235482215881348,2.2108293378812784,1.268455982208252,0.9228848218917847,2.2204008810988216,1.312225580215454,0.8954739570617676,2.5850781629244706,1.5767486095428467,0.9058069586753845,2.4539787604820407,1.503527283668518,0.8112770318984985,3.473552094841621,2.0913197994232178,True,1.0,USB-WMHA-AWA-MOCE
10,no_attention_shared,1.0,no_masking,0.23271915,0.19032135605812073,0.9991998076438904,1.0418227,0.6804588437080383,0.9839637279510498,2.4669418473581963,1.4382305145263672,0.9048092365264893,0.9376236200332642,1.9969700869754,1.1949595212936401,0.9364140033721924,2.0162396344026625,1.2236902713775635,0.9208346605300903,2.249722887564444,1.330151915550232,0.9215326905250549,2.2397826586595913,1.3084495067596436,0.9190998077392578,2.274239834393202,1.2908130884170532,0.8937585353851318,2.6062048196878744,1.5851088762283325,0.9089827537536621,2.412255163072771,1.4874485731124878,0.8002275824546814,3.573791411654591,2.0852224826812744,True,1.0,USB-WMHA-AWA-MOCE
1,no_attention_simple_avg,0.2,no_masking,0.8593643,0.6750791668891907,0.9890888333320618,2.1256163,1.4365392923355103,0.9332445859909058,2.8454792508025863,1.9351152181625366,0.8733550310134888,0.9310558438301086,2.099472424676042,1.4463410377502441,0.9288759231567383,2.1324053365216646,1.4627400636672974,0.9178229570388794,2.292117011007701,1.587428331375122,0.9073649048805237,2.433600215995122,1.6916184425354004,0.9030323028564453,2.4898600936559117,1.7206618785858154,0.8549264669418335,3.045478383337177,2.12160587310791,0.8551037311553955,3.0436174242415035,2.2726755142211914,0.6886581182479858,4.461492874661384,3.177849769592285,True,0.2,OSB-WMHA-APA-MOCE
2,no_attention_simple_avg,0.2,no_masking,0.49956954,0.39926838874816895,0.99631267786026,1.2099435,0.8125254511833191,0.9783704876899719,2.5906125131635136,1.760085940361023,0.895025908946991,0.9352114200592041,2.035216581361929,1.4855272769927979,0.932033121585846,2.0845397380830177,1.5160043239593506,0.9224347472190857,2.226871295061865,1.5717812776565552,0.9167807698249817,2.306605274985793,1.6222002506256104,0.9169067144393921,2.3048591161938097,1.5536946058273315,0.8751672506332397,2.825046866374201,1.9407618045806885,0.8897092342376709,2.6554062344677223,1.865860104560852,0.7719641923904419,3.818237614946442,2.524857997894287,True,0.2,OSB-WMHA-APA-MOCE
3,no_attention_simple_avg,0.2,no_masking,0.37504485,0.30265599489212036,0.9979218244552612,1.6846446,1.02102530002594,0.9580692052841187,2.706523368719059,1.885924220085144,0.8854221701622009,0.9268892407417297,2.1619822284698555,1.7001363039016724,0.9222109913825989,2.2300805924910265,1.7404109239578247,0.9203023314476013,2.2572735733928972,1.7263532876968384,0.9148677587509155,2.3329665259009014,1.7124972343444824,0.906364917755127,2.446700119843139,1.6899869441986084,0.8815051913261414,2.7523970993723013,1.9793978929519653,0.8728410005569458,2.851247775333244,1.909352421760559,0.7383958101272583,4.089628051782792,2.6292595863342285,True,0.2,OSB-WMHA-APA-MOCE
4,no_attention_simple_avg,0.2,no_masking,0.22091097,0.18831920623779297,0.9992789626121521,1.5068295,0.8298942446708679,0.9664536714553833,2.681195871655978,1.7410968542099,0.8875565528869629,0.9256689548492432,2.179949891625672,1.5345458984375,0.92230623960495,2.228715143792313,1.5384188890457153,0.9149560332298279,2.3317568312420454,1.5658037662506104,0.9075548648834229,2.431103652432794,1.6351510286331177,0.9027057886123657,2.4940484731165276,1.6306259632110596,0.8765453696250916,2.8094100084340665,1.8233802318572998,0.8770049810409546,2.8041759651411575,1.8074787855148315,0.7737101316452026,3.8035927202024085,2.3933701515197754,True,0.2,OSB-WMHA-APA-MOCE
5,no_attention_simple_avg,0.2,no_masking,0.3285687,0.29670843482017517,0.9984049797058105,1.3773767,0.8932236433029175,0.9719700813293457,3.1101281868867057,2.024552583694458,0.8487018346786499,0.8926271200180054,2.6200446631723326,1.7975748777389526,0.887445867061615,2.6825149788842704,1.8367462158203125,0.8795244097709656,2.7753064373007263,1.8761576414108276,0.8727828860282898,2.851899427601508,1.9319401979446411,0.8751142024993896,2.825647776106261,1.8414281606674194,0.839438796043396,3.203920888878941,2.084411859512329,0.8212443590164185,3.380580809084511,2.2011189460754395,0.7214369773864746,4.22010453695835,2.6270437240600586,True,0.2,OSB-WMHA-APA-MOCE
6,no_attention_simple_avg,0.2,no_masking,0.25660375,0.22219398617744446,0.9990271329879761,1.772007,1.1921210289001465,0.9536075592041016,3.0050351485800726,1.9291011095046997,0.8587539792060852,0.8985679745674133,2.5465313264158436,1.7441506385803223,0.8942068219184875,2.6007001667669947,1.7630764245986938,0.8861644864082336,2.697741754426817,1.7723356485366821,0.8817983865737915,2.7489898733796916,1.8489799499511719,0.8855978846549988,2.7044469875190345,1.7083148956298828,0.8475608825683594,3.121832959385584,2.0139291286468506,0.8382109999656677,3.2161472500734902,2.0423011779785156,0.7379244565963745,4.093310383495232,2.539720058441162,True,0.2,OSB-WMHA-APA-MOCE
7,no_attention_simple_avg,0.2,no_masking,0.78008974,0.6586669087409973,0.9910090565681458,1.9990208,1.271090030670166,0.9409593343734741,2.8657375900131634,1.9337297677993774,0.8715453147888184,0.9235789775848389,2.210384232273807,1.536920428276062,0.9215337634086609,2.2397669044194783,1.592806339263916,0.916583776473999,2.3093341085610324,1.6505897045135498,0.896396279335022,2.5736477903179367,1.8080182075500488,0.894139289855957,2.601529966042115,1.749414086341858,0.8668046593666077,2.9181386956869657,2.073500871658325,0.8671050667762756,2.9148463608835633,2.0756144523620605,0.6862207055091858,4.47892296889595,2.98297381401062,True,0.2,OSB-WMHA-APA-MOCE
8,no_attention_simple_avg,0.2,no_masking,0.4443629,0.3288528323173523,0.9970826506614685,1.6650201,1.1096371412277222,0.9590404033660889,2.8224942124664736,1.8026751279830933,0.8753927946090698,0.9130397439002991,2.3578809845763544,1.5969887971878052,0.9087342023849487,2.415546738712691,1.6308295726776123,0.9009349346160889,2.5166437206948546,1.6674216985702515,0.891639232635498,2.632070555694936,1.7201900482177734,0.8987925052642822,2.543711095414016,1.6054822206497192,0.8617908358573914,2.9725547101477843,1.8828192949295044,0.8799115419387817,2.770844184643906,1.8127275705337524,0.748299241065979,4.011471273632008,2.50494122505188,True,0.2,OSB-WMHA-APA-MOCE
9,no_attention_simple_avg,0.2,no_masking,0.4738344,0.38828155398368835,0.9966828227043152,2.7381375,1.5037330389022827,0.8892287611961365,2.457008058471879,1.6166605949401855,0.9055743217468262,0.9446058869361877,1.8818859812284043,1.327470302581787,0.9411757588386536,1.9392764038829917,1.3622068166732788,0.938618540763855,1.9809802596770991,1.3835136890411377,0.9306514263153076,2.1056211625174894,1.454195261001587,0.9230364561080933,2.2182163080214616,1.4619022607803345,0.8934959769248962,2.6094226947011827,1.7423158884048462,0.8915790319442749,2.6328010898422076,1.7944387197494507,0.781431257724762,3.738139023262614,2.407241106033325,True,0.2,OSB-WMHA-APA-MOCE
10,no_attention_simple_avg,0.2,no_masking,0.6143002,0.5211541056632996,0.99442458152771,1.7638602,1.2199066877365112,0.9540331363677979,2.852326758403837,1.8923004865646362,0.8727447986602783,0.9249258637428284,2.1908197553099495,1.5537998676300049,0.9216896295547485,2.2375414626046597,1.579946517944336,0.9209548830986023,2.248013679265931,1.5996856689453125,0.8984772562980652,2.5476695500517694,1.7719017267227173,0.8972055315971375,2.5635769139584084,1.6633453369140625,0.8486112952232361,3.1110583785295867,2.086085319519043,0.873134970664978,2.8479504426759235,1.970385193824768,0.6969587206840515,4.40161798379234,2.913255453109741,True,0.2,OSB-WMHA-APA-MOCE
1,shared_simple_avg,0.4,no_masking,0.76371104,0.6323146820068359,0.9913826584815979,3.052268,1.8534051179885864,0.8623545169830322,3.904988932184807,2.5398428440093994,0.7614844441413879,0.8709715604782104,2.8721307451777016,1.846758484840393,0.8618782758712769,2.971614218901741,1.9788775444030762,0.8555845022201538,3.0385636653284713,2.0016908645629883,0.8348848223686218,3.2490392878896506,2.14957332611084,0.844082236289978,3.15725193550352,2.148104429244995,0.722880482673645,4.2091554398966915,2.7810750007629395,0.686431348323822,4.477419253611105,3.089769124984741,0.41516220569610596,6.114756523768604,4.322893142700195,True,0.4,USB-MHA-APA-MOCE
2,shared_simple_avg,0.4,no_masking,0.40980282,0.35317912697792053,0.99751877784729,2.2269366,1.1972477436065674,0.9267289638519287,3.6703936246738422,2.254741668701172,0.7892816066741943,0.8626461029052734,2.963343143797327,1.7102116346359253,0.8623692989349365,2.9663273613732426,1.7382341623306274,0.8535974025726318,3.0593970012555585,1.8631553649902344,0.8364343047142029,3.2337582502344655,1.9823139905929565,0.8516587615013123,3.0795863986052754,1.9773292541503906,0.750502347946167,3.9938770160565493,2.508275032043457,0.7435881495475769,4.0488389599770604,2.6801605224609375,0.5534565448760986,5.343099811105035,3.5782525539398193,True,0.4,USB-MHA-APA-MOCE
3,shared_simple_avg,0.4,no_masking,0.3245232,0.2597004771232605,0.9984440207481384,2.8733492,1.6145375967025757,0.8780186772346497,3.910194419651675,2.4663777351379395,0.7608481049537659,0.8793602585792542,2.7771966951607983,1.7282229661941528,0.8695287108421326,2.888144588771382,1.843257188796997,0.862919807434082,2.9603887769193853,1.9208961725234985,0.8453800678253174,3.1440843347493264,2.0248727798461914,0.8381912112236023,3.2163439896834953,2.098682165145874,0.7178553342819214,4.2471476688387995,2.7642242908477783,0.7100764513015747,4.305297586786657,2.9015986919403076,0.3634730577468872,6.37925338968554,4.4492692947387695,True,0.4,USB-MHA-APA-MOCE
4,shared_simple_avg,0.4,no_masking,1.1732455,1.0222282409667969,0.9796626567840576,2.80642,1.6794297695159912,0.8836351037025452,3.7573971588213366,2.373915195465088,0.7791734337806702,0.904140830039978,2.475587574734419,1.6024316549301147,0.8973925113677979,2.5612440985876472,1.649495244026184,0.8936255574226379,2.6078349611333302,1.6928731203079224,0.8813920021057129,2.753711450058467,1.8514727354049683,0.8531495928764343,3.0640723415529894,2.0941059589385986,0.7418855428695679,4.062259373507724,2.6120405197143555,0.7298104166984558,4.15619355356994,2.8466992378234863,0.3319910764694214,6.535105174355848,4.642202854156494,True,0.4,USB-MHA-APA-MOCE
5,shared_simple_avg,0.4,no_masking,1.043792,0.7981598973274231,0.9839029908180237,2.869547,1.8859716653823853,0.8783412575721741,4.520912743968215,3.034865379333496,0.6803097724914551,0.8114818930625916,3.4716665018209514,2.308624744415283,0.7923022508621216,3.6439915100986977,2.433213710784912,0.7853950262069702,3.7040884317919125,2.469818115234375,0.7549397945404053,3.958201048129636,2.631394863128662,0.7813935279846191,3.7384617362304615,2.6975629329681396,0.6207275390625,4.924216061857211,3.3134384155273438,0.6283502578735352,4.8744805866245775,3.436354160308838,0.26788800954818726,6.841482405169521,4.988514423370361,True,0.4,USB-MHA-APA-MOCE
6,shared_simple_avg,0.4,no_masking,0.96718913,0.7364576458930969,0.986178994178772,2.912391,1.8383649587631226,0.874681293964386,4.14223739611239,2.694903612136841,0.7316219210624695,0.8514584302902222,3.081665172036694,1.973994493484497,0.8407394289970398,3.1909177819553314,2.105034112930298,0.8278474807739258,3.3175548635745495,2.2033112049102783,0.8171873092651367,3.418728291723312,2.1966731548309326,0.8315808773040771,3.2813848558597365,2.276040554046631,0.7165659666061401,4.2568409782532095,2.9161789417266846,0.6843217015266418,4.49245583437702,3.017569065093994,0.2832742929458618,6.769209196483143,4.87042760848999,True,0.4,USB-MHA-APA-MOCE
7,shared_simple_avg,0.4,no_masking,0.67305964,0.6076850891113281,0.9933069348335266,2.4938903,1.4637136459350586,0.9081093668937683,4.3848424008451,2.8143932819366455,0.6992642283439636,0.8055508732795715,3.525855070254651,2.3247668743133545,0.8047282695770264,3.533305017489808,2.344545602798462,0.7943587899208069,3.6259058116582525,2.395583152770996,0.7872376441955566,3.6881523201904596,2.41748309135437,0.798940896987915,3.5852818772763695,2.3271117210388184,0.6627745032310486,4.643245483757727,2.968355417251587,0.6308910846710205,4.857789986240146,3.2072300910949707,0.3096316456794739,6.643575573817859,4.530069828033447,True,0.4,USB-MHA-APA-MOCE
8,shared_simple_avg,0.4,no_masking,0.2704329,0.17912371456623077,0.9989194869995117,2.057176,1.0188003778457642,0.9374741315841675,3.6131628728497343,2.146575689315796,0.7958016395568848,0.8821490406990051,2.7449090825156404,1.572661280632019,0.8722367882728577,2.8580140590762393,1.6616801023483276,0.8578921556472778,3.0141892251782507,1.7771023511886597,0.851454496383667,3.0817063309004817,1.8528404235839844,0.8387079834938049,3.2112039051779138,1.985045313835144,0.7899515628814697,3.664554652365127,2.2374227046966553,0.7604168653488159,3.9137186900677152,2.4539077281951904,0.5136046409606934,5.5764289222168095,3.631945848464966,True,0.4,USB-MHA-APA-MOCE
9,shared_simple_avg,0.4,no_masking,0.99438685,0.8119882941246033,0.9853907823562622,2.8252904,1.7306820154190063,0.8820649981498718,3.8418936860260153,2.4221208095550537,0.7691298723220825,0.9078000783920288,2.4278776536247575,1.5881794691085815,0.9011052846908569,2.514479002938677,1.6866326332092285,0.8922015428543091,2.625231959675573,1.7806235551834106,0.8806459903717041,2.762357775449035,1.8770644664764404,0.8548970818519592,3.0457871280058257,2.099851369857788,0.7347103357315063,4.1183346158289,2.712294578552246,0.7025203108787537,4.361040351007456,2.977940320968628,0.27915817499160767,6.7886188744047065,4.654380798339844,True,0.4,USB-MHA-APA-MOCE
10,shared_simple_avg,0.4,no_masking,0.63724375,0.5505313873291016,0.9940003156661987,2.9924312,1.9280610084533691,0.8676984310150146,4.401376396255898,2.8460912704467773,0.6969919800758362,0.8250202536582947,3.3446859315506576,2.1610159873962402,0.8097338676452637,3.487724439173892,2.294004201889038,0.8064199090003967,3.517967156010215,2.3145577907562256,0.794622004032135,3.623584602531601,2.3706932067871094,0.7907902002334595,3.657231386637339,2.463430166244507,0.6509828567504883,4.723727197120141,3.1460721492767334,0.6367864608764648,4.8188393194922945,3.2638347148895264,0.2615799903869629,6.870892771719608,4.75512170791626,True,0.4,USB-MHA-APA-MOCE
1,minimal_model,0.4,no_masking,0.6369754,0.5064486861228943,0.9940053820610046,2.074452,1.4415783882141113,0.9364196062088013,2.5180409836831115,1.678210735321045,0.9008249044418335,0.948168933391571,1.8203565076493686,1.2737728357315063,0.9425268173217773,1.9168763944349014,1.3381050825119019,0.9323124885559082,2.0802509647968166,1.4249604940414429,0.9297537207603455,2.119205765667881,1.4641664028167725,0.9136719107627869,2.349294589067779,1.5689160823822021,0.8863198161125183,2.695900054137429,1.8411425352096558,0.8799344897270203,2.7705793240407326,1.9585901498794556,0.7739109992980957,3.8019044320157054,2.556032419204712,True,0.4,USB-WMHA-APA-MOCE
2,minimal_model,0.4,no_masking,0.20752914,0.16406209766864777,0.9993636608123779,0.9743879,0.5838457345962524,0.98597252368927,3.132076338654936,1.8024364709854126,0.8465588688850403,0.8777094483375549,2.7961333586196835,1.5977308750152588,0.8752472996711731,2.8241411675947035,1.6370898485183716,0.8621231317520142,2.968978873013562,1.6836974620819092,0.8606560230255127,2.9847336798222606,1.6997692584991455,0.8610840439796448,2.980145878133494,1.6446086168289185,0.8255338668823242,3.339773219741388,2.0137901306152344,0.8449258804321289,3.1486984409837375,1.8735923767089844,0.7651912569999695,3.8745258410364083,2.2692136764526367,True,0.4,USB-WMHA-APA-MOCE
3,minimal_model,0.4,no_masking,0.33075556,0.2845752537250519,0.998383641242981,1.6303473,0.9776846766471863,0.9607285857200623,2.756854271768648,1.6978344917297363,0.8811210989952087,0.9091901183128357,2.409505846005781,1.4435399770736694,0.9052836298942566,2.4607865544605385,1.492329716682434,0.8957558870315552,2.5815899308754497,1.5736658573150635,0.8987358212471008,2.5444236144648147,1.5322246551513672,0.8881210088729858,2.6744573951932034,1.5585840940475464,0.8726231455802917,2.8536894090647293,1.7895786762237549,0.8781425952911377,2.7911769855002007,1.8357722759246826,0.8011166453361511,3.56583034716436,2.3569815158843994,True,0.4,USB-WMHA-APA-MOCE
4,minimal_model,0.4,no_masking,0.23869027,0.2142273634672165,0.9991582632064819,1.2917815,0.7601380944252014,0.9753456115722656,2.5297038689802975,1.530059576034546,0.8999040722846985,0.9300295114517212,2.115041285443298,1.3167446851730347,0.9256496429443359,2.1802332478603486,1.3495171070098877,0.9127627611160278,2.3616329277211205,1.4477931261062622,0.9178324937820435,2.2919835536226922,1.3923219442367554,0.9089575409889221,2.412589602214724,1.3842910528182983,0.8975132703781128,2.5597365760872233,1.579129934310913,0.8975604772567749,2.559146733986349,1.6415908336639404,0.8089267015457153,3.495115004627008,2.129087448120117,True,0.4,USB-WMHA-APA-MOCE
5,minimal_model,0.4,no_masking,0.5802569,0.4466089904308319,0.9950253963470459,1.3547534,0.9466499090194702,0.9728832840919495,2.3819314297047742,1.463537335395813,0.9112566709518433,0.9514889121055603,1.761092114705435,1.0835105180740356,0.946306049823761,1.8527813211598114,1.1655601263046265,0.9296245574951172,2.1211530982719267,1.3079884052276611,0.9389591813087463,1.9754752685806223,1.228346586227417,0.923412561416626,2.212790316053151,1.3647009134292603,0.8974409103393555,2.5606397994556267,1.6146769523620605,0.9021886587142944,2.500668436334374,1.6606464385986328,0.8006327748298645,3.5701654516610133,2.282869577407837,True,0.4,USB-WMHA-APA-MOCE
6,minimal_model,0.4,no_masking,0.5954518,0.44638434052467346,0.9947614669799805,1.8899896,1.2817537784576416,0.9472241401672363,2.8561723627603253,1.8043923377990723,0.8724014163017273,0.9172666072845459,2.2998621194394713,1.5042052268981934,0.9109692573547363,2.3857855587927315,1.5551753044128418,0.8990200161933899,2.5408506699076234,1.6743204593658447,0.8928585052490234,2.617220385899965,1.671082854270935,0.8852595686912537,2.7084427053424185,1.7233473062515259,0.8600304126739502,2.991425818167341,1.9058462381362915,0.8603104948997498,2.9884318793735702,1.9039331674575806,0.7534962296485901,3.9698419945932524,2.497227907180786,True,0.4,USB-WMHA-APA-MOCE
7,minimal_model,0.4,no_masking,0.5223295,0.46263718605041504,0.9959690570831299,1.8752543,1.0368815660476685,0.9480438232421875,3.147648790643696,1.999091386795044,0.8450292944908142,0.886851966381073,2.6895827273942623,1.7414557933807373,0.8873522877693176,2.6836299088664313,1.7839677333831787,0.8739299774169922,2.8390133153825525,1.8464677333831787,0.8675189018249512,2.910304205288818,1.9105207920074463,0.8697962760925293,2.885181972906504,1.773956537246704,0.8439995646476746,3.158088979268406,2.0915746688842773,0.8378182053565979,3.22004895712082,2.152967691421509,0.6929671168327332,4.430511774679228,2.6918187141418457,True,0.4,USB-WMHA-APA-MOCE
8,minimal_model,0.4,no_masking,0.2648708,0.19132542610168457,0.998963475227356,1.7374607,1.0955981016159058,0.9553987979888916,2.8707555870155264,1.722583293914795,0.8710950613021851,0.9011009931564331,2.5145333332272877,1.4759718179702759,0.8982783555984497,2.5501640940208348,1.5322824716567993,0.8844313621520996,2.7182002772408773,1.6145435571670532,0.8881092071533203,2.6745982429915665,1.589223027229309,0.8822964429855347,2.7431922223990726,1.6278958320617676,0.8595091700553894,2.996990760898446,1.8720104694366455,0.8767377734184265,2.8072201655429185,1.7994645833969116,0.7782972455024719,3.7648441248994677,2.269274950027466,True,0.4,USB-WMHA-APA-MOCE
9,minimal_model,0.4,no_masking,0.32653838,0.2570856511592865,0.9984246492385864,2.2607725,1.3036811351776123,0.9244855046272278,2.562846369710832,1.6001503467559814,0.8972641229629517,0.9363883137702942,2.016646961504713,1.3860362768173218,0.9284328818321228,2.139036382678738,1.4449734687805176,0.915788471698761,2.32031619909743,1.5131385326385498,0.9199914336204529,2.261672472439171,1.439217209815979,0.9131652116775513,2.3561788978270886,1.4419888257980347,0.8837317228317261,2.72641550449364,1.727512001991272,0.8858804702758789,2.7011050576684825,1.7000725269317627,0.7947341799736023,3.6225948905231906,2.1482632160186768,True,0.4,USB-WMHA-APA-MOCE
10,minimal_model,0.4,no_masking,0.30963662,0.2646324932575226,0.9985834956169128,1.107627,0.693186342716217,0.9818739295005798,2.4896822687599,1.5400512218475342,0.903046190738678,0.9370617866516113,2.0059430514435763,1.3118878602981567,0.9340624213218689,2.0531841623732543,1.3466722965240479,0.9221774935722351,2.2305606749610325,1.440037488937378,0.9248300790786743,2.19221707335663,1.3956393003463745,0.912239670753479,2.3687031240530505,1.4175083637237549,0.8884020447731018,2.6710965098801642,1.6902896165847778,0.8896836042404175,2.655715350030146,1.675371766090393,0.8159123063087463,3.4306297311387093,2.043003797531128,True,0.4,USB-WMHA-APA-MOCE
1,no_attention,0.2,random_masking,0.41319945,0.30569222569465637,0.9974774718284607,1.5250885,1.0645778179168701,0.9656357765197754,2.5732673889894957,1.596888780593872,0.8964269161224365,0.9319879412651062,2.085232504818494,1.3633078336715698,0.9316480159759521,2.0904364485169324,1.3887133598327637,0.9193906784057617,2.2701478209238304,1.440652847290039,0.9172629714012146,2.299912708118684,1.4276608228683472,0.9138382077217102,2.34703088641394,1.4304442405700684,0.8672266602516174,2.913512477153446,1.7515082359313965,0.8913860321044922,2.6351440248451783,1.728454351425171,0.7986748218536377,3.5876533874258403,2.244368076324463,True,0.2,OSB-WMHA-AWA-MORM
2,no_attention,0.2,random_masking,0.21779718,0.18262873589992523,0.999299168586731,1.1390672,0.7202970385551453,0.9808303117752075,2.8597261807269856,1.7405052185058594,0.8720836639404297,0.9130622148513794,2.357576606937846,1.534563422203064,0.9115236401557922,2.378346444646048,1.5577774047851562,0.9019138813018799,2.50417846533037,1.5927777290344238,0.8916894197463989,2.6314607766874247,1.645175576210022,0.8899010419845581,2.653096829501827,1.6275988817214966,0.8510196805000305,3.0862129957623474,1.928899884223938,0.8574753403663635,3.018606184856741,1.8350526094436646,0.7600842714309692,3.916433746770993,2.2021970748901367,True,0.2,OSB-WMHA-AWA-MORM
3,no_attention,0.2,random_masking,0.3922182,0.24904397130012512,0.9977271556854248,1.6974788,0.9063198566436768,0.9574278593063354,2.375933513886373,1.5703452825546265,0.9117030501365662,0.9443352222442627,1.8864778795358368,1.3329685926437378,0.9422957897186279,1.9207252847177934,1.3603286743164062,0.9405055642127991,1.950291829402301,1.3271931409835815,0.9316021800041199,2.091137408995296,1.4070782661437988,0.924312949180603,2.1997443700875086,1.4623998403549194,0.9137445688247681,2.3483061184557186,1.5956504344940186,0.9002548456192017,2.525267041126107,1.6739051342010498,0.7965733408927917,3.606329487630332,2.403238534927368,True,0.2,OSB-WMHA-AWA-MORM
4,no_attention,0.2,random_masking,0.2817322,0.21786688268184662,0.9988272786140442,1.7521751,0.8632776141166687,0.9546401500701904,2.737170724792328,1.668533444404602,0.8828126192092896,0.9105221629142761,2.391768836343493,1.4752975702285767,0.9062647819519043,2.4480079687961203,1.496665358543396,0.904108464717865,2.4760054193415826,1.5114521980285645,0.8992313146591187,2.53819076832373,1.5514003038406372,0.8907714486122131,2.6425881396186344,1.5962307453155518,0.8887451887130737,2.6669868237313326,1.6096185445785522,0.8784052133560181,2.7881678580893965,1.7397984266281128,0.7844522595405579,3.712215548834127,2.367804527282715,True,0.2,OSB-WMHA-AWA-MORM
5,no_attention,0.2,random_masking,0.96753716,0.6404279470443726,0.9861690402030945,1.3764317,0.9396269917488098,0.9720085263252258,2.3683271528893117,1.5412617921829224,0.9122675061225891,0.9437389373779297,1.8965546489860439,1.1926180124282837,0.9438914060592651,1.8939831127553877,1.2325750589370728,0.9343327879905701,2.0489706711687736,1.3111759424209595,0.9271020889282227,2.1588323858164737,1.3777954578399658,0.9360734224319458,2.021631915471769,1.3282973766326904,0.8992009162902832,2.5385732326076416,1.6773264408111572,0.9039492607116699,2.4780601040784,1.755719780921936,0.8098510503768921,3.486650211618761,2.4545862674713135,True,0.2,OSB-WMHA-AWA-MORM
6,no_attention,0.2,random_masking,0.3159066,0.2688767611980438,0.9985255599021912,1.8662242,1.1210975646972656,0.9485430121421814,2.60489576178761,1.5574605464935303,0.8938652276992798,0.9377424716949463,1.9950665781676087,1.23014497756958,0.9329814314842224,2.0699459111246576,1.2621132135391235,0.925466001033783,2.1829242259918504,1.3241513967514038,0.9186112284660339,2.2810963618132054,1.3592193126678467,0.9097905158996582,2.401527526640525,1.436401128768921,0.8977006077766418,2.557395969187993,1.5535215139389038,0.8690336346626282,2.893618956002435,1.8057361841201782,0.7595956921577454,3.9204196129249036,2.488396406173706,True,0.2,OSB-WMHA-AWA-MORM
7,no_attention,0.2,random_masking,1.1363342,0.7588534951210022,0.9809221625328064,1.5397199,0.9715217351913452,0.9649732112884521,2.5204445300015426,1.676459550857544,0.9006354808807373,0.9371973276138306,2.0037817962846107,1.361562967300415,0.9378824830055237,1.99282198507233,1.3695770502090454,0.9293875694274902,2.1247213966391407,1.4550588130950928,0.9177215099334717,2.2935312026441763,1.522725224494934,0.9209248423576355,2.24844094409374,1.4858304262161255,0.8795685768127441,2.774797906475974,1.8875277042388916,0.8947598934173584,2.5938932999700737,1.8309822082519531,0.7876415252685547,3.684649901613576,2.4984116554260254,True,0.2,OSB-WMHA-AWA-MORM
8,no_attention,0.2,random_masking,0.7020337,0.3544591963291168,0.9927182793617249,1.3909798,0.8808883428573608,0.9714136719703674,2.468489234769488,1.5744415521621704,0.9046897292137146,0.9361656904220581,2.020173020648408,1.3263453245162964,0.9340958595275879,2.052663408063528,1.358355164527893,0.928033709526062,2.1449936887563767,1.3935390710830688,0.9192391037940979,2.2722812084800106,1.4709703922271729,0.923488438129425,2.211694055525167,1.3956443071365356,0.8928288817405701,2.617582012447447,1.7255457639694214,0.90901780128479,2.411791180461243,1.5959302186965942,0.7946486473083496,3.6233498336102783,2.3292012214660645,True,0.2,OSB-WMHA-AWA-MORM
9,no_attention,0.2,random_masking,0.60702384,0.438140332698822,0.9945558905601501,2.232889,1.324952483177185,0.9263367652893066,2.4720999286231105,1.554575800895691,0.904410719871521,0.9374676942825317,1.9994643805446428,1.3008702993392944,0.9370259642601013,2.006514311400307,1.3169827461242676,0.9299511313438416,2.1162254709713797,1.395980715751648,0.9199877381324768,2.261724336976314,1.4467957019805908,0.9213027358055115,2.243061599749547,1.383312463760376,0.8946397304534912,2.5953740011021385,1.6118417978286743,0.9092615842819214,2.4085580234804236,1.577689290046692,0.7856492400169373,3.701893919716565,2.403134346008301,True,0.2,OSB-WMHA-AWA-MORM
10,no_attention,0.2,random_masking,0.34842014,0.2708193361759186,0.9982064366340637,1.5503354,0.9221097826957703,0.9644885659217834,2.6499120157858544,1.682446837425232,0.8901652097702026,0.9260608553886414,2.174195949970846,1.4681416749954224,0.9251515865325928,2.187523433014836,1.4877045154571533,0.9171896576881409,2.3009318122757207,1.5197975635528564,0.9079816937446594,2.425484508602549,1.578229308128357,0.9045217037200928,2.4706647183897292,1.5252846479415894,0.8822435140609741,2.743808973369416,1.7718440294265747,0.889397382736206,2.659157810688564,1.7654250860214233,0.7687751054763794,3.844844383195977,2.3431472778320312,True,0.2,OSB-WMHA-AWA-MORM
1,shared_branches,0.4,random_masking,0.44123292,0.1572820544242859,0.9971235990524292,1.3105228,0.7338331341743469,0.9746249914169312,3.0183793371504866,1.6297736167907715,0.8574967384338379,0.90073162317276,2.519224446860515,1.2681206464767456,0.9029101133346558,2.4914281758599324,1.2969207763671875,0.8852899074554443,2.708084760164885,1.4019261598587036,0.8803360462188721,2.7659420542905218,1.4119449853897095,0.8685289621353149,2.8991887437711394,1.5290491580963135,0.8370689153671265,3.2274789316921346,1.7854390144348145,0.8372400999069214,3.225782840550059,1.8346613645553589,0.7478681802749634,4.014904625544881,2.5101263523101807,True,0.4,USB-MHA-AWA-MORM
2,shared_branches,0.4,random_masking,0.7229729,0.2855459749698639,0.9922774434089661,0.9824117,0.6108324527740479,0.9857405424118042,2.9010192395387224,1.6079750061035156,0.8683629035949707,0.9053002595901489,2.4605709711237282,1.2939300537109375,0.9043524265289307,2.4728535216404843,1.3298240900039673,0.8891274333000183,2.662401145568473,1.446466326713562,0.8775843977928162,2.7975625839255542,1.4773766994476318,0.8714640736579895,2.866643786523871,1.53651762008667,0.8574195504188538,3.019196919910778,1.6962411403656006,0.8644081354141235,2.9442740716966442,1.7722574472427368,0.7772468328475952,3.773752645597134,2.3111867904663086,True,0.4,USB-MHA-AWA-MORM
3,shared_branches,0.4,random_masking,0.69126534,0.32211920619010925,0.9929399490356445,1.4472046,0.6747013926506042,0.9690560102462769,2.7981434934412666,1.6377331018447876,0.8775335550308228,0.906499981880188,2.444934657341217,1.4039132595062256,0.9046766757965088,2.4686585421461555,1.4417515993118286,0.8948796391487122,2.5924169952730156,1.5004922151565552,0.894227921962738,2.600440622553609,1.445310115814209,0.891171395778656,2.6377459298410577,1.4999908208847046,0.8771435022354126,2.8025959685174464,1.6490294933319092,0.8739880919456482,2.8383583686278526,1.7037352323532104,0.777681291103363,3.77007047126939,2.457641839981079,True,0.4,USB-MHA-AWA-MORM
4,shared_branches,0.4,random_masking,0.3746548,0.1551644206047058,0.9979261159896851,1.1745503,0.5348942279815674,0.9796174168586731,2.7931828343431686,1.5409570932388306,0.8779674172401428,0.9279797077178955,2.1457987168368593,1.111275553703308,0.9210460186004639,2.246717708000304,1.177709937095642,0.8963305950164795,2.574463434703149,1.3710548877716064,0.891791582107544,2.630219039643407,1.3444784879684448,0.8884433507919312,2.6706021494995964,1.4473869800567627,0.860580325126648,2.98554450482578,1.737431287765503,0.86220782995224,2.968067291463466,1.7328029870986938,0.7753599882125854,3.789701364673824,2.405517101287842,True,0.4,USB-MHA-AWA-MORM
5,shared_branches,0.4,random_masking,0.265894,0.13996277749538422,0.9989554286003113,1.1875473,0.5920490622520447,0.9791638255119324,2.747129329151874,1.4403884410858154,0.8819583654403687,0.9220374822616577,2.2325667954178208,1.146577000617981,0.9148581027984619,2.3330990696428455,1.200379729270935,0.8920108675956726,2.6275530615765206,1.3180986642837524,0.8923393487930298,2.6235539222499087,1.2709380388259888,0.9020704627037048,2.5021785780422574,1.295432686805725,0.8446494936943054,3.151503515944531,1.7006925344467163,0.874764621257782,2.829599407137096,1.5685819387435913,0.8129364848136902,3.4582470496264435,2.0224077701568604,True,0.4,USB-MHA-AWA-MORM
6,shared_branches,0.4,random_masking,0.9111836,0.2564549744129181,0.9877333045005798,2.0520663,1.1193673610687256,0.9377843737602234,3.185425925049052,1.8101774454116821,0.8412871360778809,0.8871102929115295,2.686511101758529,1.5550305843353271,0.8827136754989624,2.738326090011567,1.5669705867767334,0.8514531850814819,3.08171948305309,1.697069525718689,0.8396720886230469,3.201592353171501,1.7376374006271362,0.8525405526161194,3.0704198143916552,1.6830649375915527,0.8102751970291138,3.4827599310555017,1.882753849029541,0.8390359878540039,3.2079372078893225,1.8710744380950928,0.7674962878227234,3.8554617003402494,2.487818717956543,True,0.4,USB-MHA-AWA-MORM
7,shared_branches,0.4,random_masking,1.0353538,0.3422631621360779,0.9841622114181519,1.2703956,0.5867268443107605,0.976155161857605,3.0287991083424943,1.7153633832931519,0.8565111756324768,0.8734520673751831,2.8443891205308285,1.5174750089645386,0.8750144243240356,2.8267759192993895,1.5360773801803589,0.8673487305641174,2.9121730702813617,1.6041685342788696,0.8694565296173096,2.888943239662591,1.5331777334213257,0.870684802532196,2.8753202508772793,1.5963877439498901,0.8388097286224365,3.2101910319780025,1.830962061882019,0.8625051379203796,2.964863210420735,1.7847363948822021,0.794818103313446,3.6218542722120426,2.31992244720459,True,0.4,USB-MHA-AWA-MORM
8,shared_branches,0.4,random_masking,0.99661857,0.44498565793037415,0.9853250980377197,1.7082281,1.0140198469161987,0.9568870067596436,3.013379461672442,1.8013083934783936,0.8579684495925903,0.8922486305236816,2.6246589257408184,1.4840260744094849,0.893122136592865,2.613998793551364,1.4805521965026855,0.8776191473007202,2.797165583854005,1.6130824089050293,0.8773748278617859,2.799956345217856,1.6047782897949219,0.8713898062705994,2.8674717068461177,1.6845983266830444,0.8391501903533936,3.2067985496709,1.930870532989502,0.8546566963195801,3.0483091451506654,1.9364327192306519,0.7581865191459656,3.931893125973435,2.6761271953582764,True,0.4,USB-MHA-AWA-MORM
9,shared_branches,0.4,random_masking,0.71764195,0.31533873081207275,0.9923909306526184,2.0375466,0.9889118075370789,0.9386616945266724,2.921936687287492,1.6706271171569824,0.8664577603340149,0.8863455653190613,2.69559510449487,1.4155875444412231,0.8845701813697815,2.716567204610765,1.473549246788025,0.8753043413162231,2.8234957749686593,1.556881308555603,0.8797596096992493,2.772596032807325,1.4662655591964722,0.9060735702514648,2.4505032664746,1.4022890329360962,0.8413111567497253,3.1851847598924117,1.8264217376708984,0.8822076916694641,2.7442262900885885,1.7079241275787354,0.7760898470878601,3.7835400165000923,2.5160984992980957,True,0.4,USB-MHA-AWA-MORM
10,shared_branches,0.4,random_masking,0.4834651,0.19742771983146667,0.9965466260910034,1.1507077,0.7236823439598083,0.9804365038871765,2.6080970604334968,1.399549126625061,0.8936041593551636,0.9252600073814392,2.18593879574239,1.0507354736328125,0.9285568594932556,2.137183102322776,1.065775752067566,0.9086189866065979,2.4170710017137353,1.2736022472381592,0.9144686460494995,2.3384282028663907,1.2134758234024048,0.9066708087921143,2.442700535830244,1.317777395248413,0.8865208625793457,2.6935153442988113,1.5729713439941406,0.8918962478637695,2.628946697949888,1.5583720207214355,0.7868409156799316,3.691589544680454,2.143683433532715,True,0.4,USB-MHA-AWA-MORM
1,simple_avg,0.4,random_masking,0.60825616,0.32417523860931396,0.9945337772369385,1.5108749,0.9548724293708801,0.966273307800293,2.8694477371372544,1.770147681236267,0.8712124824523926,0.9046841263771057,2.4685620586467207,1.4588998556137085,0.9038841128349304,2.4789001791777814,1.5122162103652954,0.9008296132087708,2.5179808585277916,1.5322614908218384,0.9000323414802551,2.5280821958108155,1.520605206489563,0.8875510692596436,2.6812613178005416,1.6287422180175781,0.8620787262916565,2.969457120504544,1.8617075681686401,0.8589910268783569,3.0025121978588225,1.9824278354644775,0.7516489624977112,3.984689019488378,2.664320945739746,True,0.4,OSB-MHA-APA-MORM
2,simple_avg,0.4,random_masking,0.51219195,0.15706056356430054,0.9961240291595459,1.2551191,0.7352108955383301,0.976725161075592,2.9992881566150214,1.771697759628296,0.8592936992645264,0.8922125101089478,2.6250987261417364,1.5487556457519531,0.8930175304412842,2.6152777693141784,1.5616365671157837,0.8849256634712219,2.712381028058121,1.6101646423339844,0.8734436631202698,2.8444833333946535,1.688592553138733,0.881683349609375,2.7503275242748257,1.608375072479248,0.8611390590667725,2.9795554025271147,1.760087251663208,0.8553526401519775,3.0410022968056514,1.8253117799758911,0.7325754761695862,4.1348719522376225,2.5706593990325928,True,0.4,OSB-MHA-APA-MORM
3,simple_avg,0.4,random_masking,0.94358206,0.3756154477596283,0.9868454337120056,1.4855326,0.7216014862060547,0.9673952460289001,2.981308245139885,1.770812749862671,0.8609756231307983,0.9022030830383301,2.5004839428754346,1.4570033550262451,0.9038271307945251,2.4796349753650166,1.5021640062332153,0.905091404914856,2.4632828450825395,1.4995238780975342,0.8875659108161926,2.6810839159196194,1.5649317502975464,0.8788856267929077,2.7826546540170862,1.650601863861084,0.8606629967689514,2.9846587520537313,1.8913803100585938,0.870495617389679,2.8774229703215823,1.7527499198913574,0.6790734529495239,4.529645964743599,2.8481476306915283,True,0.4,OSB-MHA-APA-MORM
4,simple_avg,0.4,random_masking,0.5486725,0.3209449350833893,0.9955522418022156,1.5645947,0.7797231674194336,0.9638323187828064,2.8323087148561332,1.6903361082077026,0.874524712562561,0.9024816155433655,2.496920119010417,1.4027875661849976,0.9035028219223022,2.4838123764092193,1.4185854196548462,0.8959141373634338,2.5796292627092994,1.4673992395401,0.8888533711433411,2.665689905411724,1.5471967458724976,0.878934919834137,2.782087992748567,1.6251503229141235,0.8803423643112183,2.765869388450674,1.6402150392532349,0.8658084869384766,2.9290308508897387,1.8736907243728638,0.7803597450256348,3.7472908406486383,2.547664165496826,True,0.4,OSB-MHA-APA-MORM
5,simple_avg,0.4,random_masking,0.6309702,0.2203812301158905,0.9941178560256958,1.3962858,0.8477398753166199,0.9711951613426208,2.9918440579355727,1.7608476877212524,0.8599913120269775,0.9103707671165466,2.3937909473871106,1.439592957496643,0.9085365533828735,2.418161313673373,1.4653725624084473,0.9031081795692444,2.4888857791328682,1.4862332344055176,0.8894867897033691,2.6580833839730396,1.6141371726989746,0.8890082836151123,2.663831773538337,1.5590800046920776,0.8643712401390076,2.9446747187972946,1.763756513595581,0.8482418656349182,3.1148522982780245,1.841167688369751,0.6668067574501038,4.61540216051337,2.9174423217773438,True,0.4,OSB-MHA-APA-MORM
6,simple_avg,0.4,random_masking,0.5316203,0.28465530276298523,0.99582439661026,1.8771132,1.1198090314865112,0.9479408264160156,2.878245139332695,1.6607261896133423,0.8704215884208679,0.8989432454109192,2.5418163213811114,1.4712094068527222,0.8994178175926208,2.535840710610314,1.482124924659729,0.8959988355636597,2.578579671821657,1.5020225048065186,0.8893277645111084,2.659994739441223,1.5155032873153687,0.8910767436027527,2.6388926043121774,1.439531922340393,0.8603991270065308,2.987483617506239,1.6354179382324219,0.8708615303039551,2.873355063188821,1.6815861463546753,0.7573477029800415,3.9387069547741094,2.5584137439727783,True,0.4,OSB-MHA-APA-MORM
7,simple_avg,0.4,random_masking,0.9777748,0.7007274627685547,0.9858748316764832,1.4101151,0.8375565409660339,0.9706217646598816,3.192608199589932,1.9400627613067627,0.8405706286430359,0.8758602738380432,2.8171943482513044,1.6402066946029663,0.8786984086036682,2.7848042269645332,1.6483385562896729,0.8772911429405212,2.8009116595990546,1.67753267288208,0.8520561456680298,3.0754585916593364,1.8207380771636963,0.862636923789978,2.9634425856793927,1.7986851930618286,0.8420716524124146,3.1775434984160595,2.007404088973999,0.8402624130249023,3.1956928651684864,1.9815025329589844,0.6956880688667297,4.410836288150384,2.9460930824279785,True,0.4,OSB-MHA-APA-MORM
8,simple_avg,0.4,random_masking,0.32283917,0.1884102076292038,0.9984601140022278,1.0164098,0.5948914885520935,0.9847365021705627,3.0323287774639858,1.7412030696868896,0.8561765551567078,0.8847764730453491,2.7141386365121454,1.533414363861084,0.8854389786720276,2.7063246296025643,1.536971926689148,0.8788670897483826,2.782867561322508,1.5894736051559448,0.8749852776527405,2.8271055122766757,1.567496418952942,0.8586421608924866,3.0062243740076093,1.6513152122497559,0.8503919839859009,3.0927074486763444,1.7669233083724976,0.8381986021995544,3.2162706029167576,1.9347875118255615,0.77811199426651,3.7664167276239477,2.349242687225342,True,0.4,OSB-MHA-APA-MORM
9,simple_avg,0.4,random_masking,0.6847442,0.2824191451072693,0.9930725693702698,2.2126162,1.2329425811767578,0.9276682734489441,3.165648413794675,1.8709825277328491,0.8432518243789673,0.8827211260795593,2.7382391084266167,1.6275728940963745,0.8845683932304382,2.7165885313378233,1.6212844848632812,0.8787866234779358,2.783791570194619,1.6556246280670166,0.8632725477218628,2.9565779264164753,1.7446398735046387,0.8637998104095459,2.950871813987427,1.6695983409881592,0.8398545980453491,3.199769733011942,1.9082502126693726,0.8536421656608582,3.0589295418522804,1.8259289264678955,0.6793696284294128,4.527555445937691,2.9149606227874756,True,0.4,OSB-MHA-APA-MORM
10,simple_avg,0.4,random_masking,0.5090986,0.22786137461662292,0.996170699596405,1.4386653,0.8726043701171875,0.9694200754165649,2.9650939916215795,1.7509888410568237,0.8624837398529053,0.9077033996582031,2.4291495067934745,1.4950940608978271,0.9075815081596375,2.4307534188765687,1.4948188066482544,0.8923877477645874,2.6229641603791123,1.593109130859375,0.8833259344100952,2.7311696475013445,1.6636888980865479,0.8819047212600708,2.747753265898142,1.6047488451004028,0.8458715677261353,3.1390828004278406,1.8831441402435303,0.8470772504806519,3.1267815661381446,1.8150006532669067,0.7340179085731506,4.123705574159425,2.458306312561035,True,0.4,OSB-MHA-APA-MORM
1,learned_weights,0.1,random_masking,0.66957885,0.3947989344596863,0.9933760166168213,1.5458813,0.9760788679122925,0.9646923542022705,2.946508352016987,1.7761108875274658,0.8642022609710693,0.9026293754577637,2.4950283206410266,1.4783871173858643,0.9038488268852234,2.479354872625462,1.5194203853607178,0.889686644077301,2.655678631534327,1.6035058498382568,0.8909673094749451,2.6402178568971655,1.5371228456497192,0.8803035020828247,2.7663187999417884,1.5910589694976807,0.8389590382575989,3.208703816478667,1.9196527004241943,0.8616398572921753,2.9741781301607944,1.9351489543914795,0.7455838918685913,4.033051081047557,2.6245906352996826,True,0.1,OSB-MHA-AWA-MORM
2,learned_weights,0.1,random_masking,0.2658165,0.19808229804039001,0.998956024646759,1.1099107,0.6446077823638916,0.9817991256713867,2.8925809274231025,1.696624994277954,0.8691275715827942,0.9160875678062439,2.3161924626985284,1.415969967842102,0.9150789976119995,2.330069836891955,1.4282989501953125,0.9065622091293335,2.4441212442857245,1.4980145692825317,0.8912926316261292,2.636276366245321,1.5967572927474976,0.9000493288040161,2.5278675415067866,1.5119107961654663,0.8493312001228333,3.103652518958116,1.7941073179244995,0.8614617586135864,2.97609148278678,1.7645121812820435,0.7131569385528564,4.282364748874998,2.563429832458496,True,0.1,OSB-MHA-AWA-MORM
3,learned_weights,0.1,random_masking,0.84838367,0.4735739231109619,0.9893658757209778,1.4381,0.6505298018455505,0.9694440960884094,2.722028575116584,1.653771996498108,0.8841055631637573,0.925203800201416,2.1867604776743956,1.3602166175842285,0.9229649901390076,2.2192462849656276,1.397815465927124,0.9116093516349792,2.377194043678654,1.4538371562957764,0.9127774238586426,2.3614348457648027,1.4416345357894897,0.8956224322319031,2.5832415123485077,1.5148237943649292,0.8788589239120483,2.7829612867792752,1.6759883165359497,0.8714107275009155,2.86723855620201,1.7763482332229614,0.7543971538543701,3.962581015158779,2.609511375427246,True,0.1,OSB-MHA-AWA-MORM
4,learned_weights,0.1,random_masking,0.80091375,0.38890737295150757,0.9905226230621338,1.4390374,0.6964535713195801,0.9694042801856995,2.887525556707197,1.6714513301849365,0.8695846199989319,0.8873031139373779,2.6842153126444623,1.4660972356796265,0.8873562812805176,2.683582200382261,1.5030479431152344,0.8804835081100464,2.764237912716296,1.5606979131698608,0.8861221075057983,2.6982435129102336,1.5344007015228271,0.8812493681907654,2.7553669836354024,1.5575364828109741,0.8747228384017944,2.830071216940758,1.6618733406066895,0.8799640536308289,2.7702380140761496,1.7160123586654663,0.7794756889343262,3.7548246500696933,2.3719451427459717,True,0.1,OSB-MHA-AWA-MORM
5,learned_weights,0.1,random_masking,0.5967661,0.27033811807632446,0.9947383403778076,1.3869689,0.8581299185752869,0.9715782999992371,2.869298506016057,1.641170859336853,0.871225893497467,0.9060326814651489,2.451036864434199,1.4198850393295288,0.9040442705154419,2.4768344477130833,1.430351972579956,0.8979369401931763,2.5544406409961464,1.4760191440582275,0.8871827125549316,2.685648790679802,1.5206626653671265,0.8822676539421082,2.743527424676114,1.5085117816925049,0.8832119107246399,2.732503283080758,1.5772291421890259,0.8585472702980042,3.007233165087819,1.762891411781311,0.7505836486816406,3.993226156967075,2.4338159561157227,True,0.1,OSB-MHA-AWA-MORM
6,learned_weights,0.1,random_masking,0.56506646,0.1987181454896927,0.9952824711799622,1.9240743,1.1214364767074585,0.9453034400939941,3.084820740869054,1.8069798946380615,0.851154088973999,0.8978993892669678,2.554909699369027,1.5203474760055542,0.8945443630218506,2.5965482026460727,1.556264042854309,0.8881765007972717,2.6737941519652817,1.5709617137908936,0.8840874433517456,2.722242020083035,1.5981776714324951,0.8757287859916687,2.81868589205698,1.6279927492141724,0.8444882035255432,3.1531389975260726,1.8440208435058594,0.8342654705047607,3.255127456677589,1.9101135730743408,0.6900423765182495,4.451564153883183,2.8279612064361572,True,0.1,OSB-MHA-AWA-MORM
7,learned_weights,0.1,random_masking,1.0768107,0.5695772171020508,0.982868492603302,1.4415884,0.8550693392753601,0.9692956805229187,2.9617794721934882,1.7979958057403564,0.8627910017967224,0.8993308544158936,2.536936553636877,1.46342933177948,0.8984067440032959,2.5485544108898504,1.5037219524383545,0.8906527161598206,2.6440246186892096,1.5785413980484009,0.8730376958847046,2.849042055525905,1.6747634410858154,0.8888067603111267,2.6662487556894567,1.6156728267669678,0.8404555320739746,3.193760278017112,1.9391016960144043,0.8719956874847412,2.8607097908040493,1.9106215238571167,0.7396423816680908,4.0798726630441875,2.698112964630127,True,0.1,OSB-MHA-AWA-MORM
8,learned_weights,0.1,random_masking,0.7776581,0.33455395698547363,0.9910650253295898,1.5281602,0.8031497001647949,0.9654971957206726,2.803151594735402,1.6842714548110962,0.8770948052406311,0.9131630063056946,2.356209355416087,1.424072265625,0.9124828577041626,2.3654183301258493,1.4379675388336182,0.9018481969833374,2.5050168245097,1.499573826789856,0.8906838893890381,2.643647309601774,1.5721627473831177,0.9011536240577698,2.5138645053849515,1.482098937034607,0.8521665334701538,3.074311348321516,1.7820004224777222,0.8841716051101685,2.721253043064839,1.7396695613861084,0.7610887289047241,3.908226916742612,2.536626100540161,True,0.1,OSB-MHA-AWA-MORM
9,learned_weights,0.1,random_masking,0.5818725,0.3403080403804779,0.9949976801872253,2.1692865,1.1439712047576904,0.9304735064506531,2.940770378127153,1.7058264017105103,0.8647306561470032,0.8938722610473633,2.604809267233313,1.4901388883590698,0.8959087133407593,2.5796968234637125,1.4745320081710815,0.8875751495361328,2.680974178754741,1.5344222784042358,0.8767958283424377,2.8065587339088207,1.565834403038025,0.8913431763648987,2.635663399184822,1.487399935722351,0.8277067542076111,3.318910549612346,1.8551431894302368,0.8775889873504639,2.797510000420662,1.7522791624069214,0.7670543789863586,3.859123808682451,2.4868617057800293,True,0.1,OSB-MHA-AWA-MORM
10,learned_weights,0.1,random_masking,0.8485278,0.26968619227409363,0.9893622994422913,1.6351444,0.9813324809074402,0.9604971408843994,3.1227680628163066,1.85500967502594,0.8474695682525635,0.8758694529533386,2.8170905902123797,1.6430977582931519,0.8790311217308044,2.780982358248986,1.6396957635879517,0.8697555661201477,2.8856326319622716,1.6878228187561035,0.8532841205596924,3.062668776240582,1.7687411308288574,0.8744565844535828,2.833077325661746,1.673389196395874,0.817053496837616,3.4199795982243093,1.9816279411315918,0.8604356050491333,2.98709350118788,1.8573858737945557,0.7498705387115479,3.9989310266718907,2.588317632675171,True,0.1,OSB-MHA-AWA-MORM
1,no_attention_shared,0.6,random_masking,0.1365736,0.10485690087080002,0.9997244477272034,1.2403795,0.7944747805595398,0.977268636226654,3.134108277797761,1.8333137035369873,0.8463597297668457,0.8934887647628784,2.609510863644612,1.6062480211257935,0.8860053420066833,2.6996267095999222,1.6469275951385498,0.8731933832168579,2.847294872153086,1.6670143604278564,0.8787944912910461,2.7837012986169825,1.664373517036438,0.8708995580673218,2.872931524122593,1.7401390075683594,0.8345974683761597,3.2518649985712975,1.981679916381836,0.8187670707702637,3.4039255312832526,1.9789248704910278,0.7151316404342651,4.267598684161004,2.3812031745910645,True,0.6,USB-WMHA-AWA-MORM
2,no_attention_shared,0.6,random_masking,0.249116,0.17665880918502808,0.9990831017494202,1.0212462,0.6320781707763672,0.9845908880233765,2.697350745822647,1.5862886905670166,0.8861974477767944,0.921556293964386,2.2394457279484388,1.34585440158844,0.9192020297050476,2.272802729654469,1.3870925903320312,0.90519779920578,2.461901376064348,1.4863919019699097,0.9087885022163391,2.4148282808655597,1.4650979042053223,0.8992247581481934,2.53827295792183,1.4526169300079346,0.8690860867500305,2.8930394991496637,1.8043452501296997,0.8797916173934937,2.7722276224641393,1.6968765258789062,0.7867327332496643,3.692526026836142,2.0520341396331787,True,0.6,USB-WMHA-AWA-MORM
3,no_attention_shared,0.6,random_masking,0.49800107,0.39934074878692627,0.9963358044624329,1.766043,1.0503487586975098,0.9539192914962769,2.5055383371051447,1.4966998100280762,0.9018073081970215,0.9354070425033569,2.0321417391671246,1.1688976287841797,0.9356206059455872,2.028779860750957,1.2124664783477783,0.9250036478042603,2.189684295020433,1.3305747509002686,0.9272239208221436,2.1570282789276893,1.2819868326187134,0.9110206961631775,2.38509612171641,1.4283348321914673,0.8926193714141846,2.6201397542589486,1.6289881467819214,0.9005510807037354,2.5215144432633037,1.6477216482162476,0.787011981010437,3.6901075551141522,2.274627447128296,True,0.6,USB-WMHA-AWA-MORM
4,no_attention_shared,0.6,random_masking,0.12725516,0.08964450657367706,0.9997607469558716,0.89197564,0.5096573829650879,0.9882450103759766,2.7207636775106145,1.6081775426864624,0.8842132687568665,0.9202304482460022,2.2582917546272303,1.3688496351242065,0.9132026433944702,2.3556716856830366,1.4288878440856934,0.904312789440155,2.473366200039345,1.4868875741958618,0.9080942869186401,2.4240002567177816,1.4746910333633423,0.8873348236083984,2.6838379683555718,1.6087011098861694,0.8719958066940308,2.860707957269436,1.742144227027893,0.8752777576446533,2.823796199776952,1.6824684143066406,0.7932577133178711,3.635600146424606,2.0727908611297607,True,0.6,USB-WMHA-AWA-MORM
5,no_attention_shared,0.6,random_masking,0.79511225,0.6239882707595825,0.9906594157218933,1.2967746,0.8629487752914429,0.9751546382904053,2.345686455888941,1.4326496124267578,0.9139369130134583,0.9441723823547363,1.8892354351237943,1.1240063905715942,0.9445846676826477,1.8822460034617174,1.1548599004745483,0.9348828196525574,2.0403714126118824,1.2558295726776123,0.938437819480896,1.9838936890337187,1.2364113330841064,0.9302452206611633,2.111778641732425,1.2582229375839233,0.8962607979774475,2.5753302945639094,1.5876411199569702,0.9069295525550842,2.4393119923896207,1.6469485759735107,0.8159818649291992,3.429981401576564,2.197277307510376,True,0.6,USB-WMHA-AWA-MORM
6,no_attention_shared,0.6,random_masking,0.4025738,0.31098872423171997,0.997605562210083,1.8947903,1.2851498126983643,0.946955680847168,2.558654784428272,1.5765998363494873,0.8975998759269714,0.9279966950416565,2.145545483389985,1.3717352151870728,0.9247975945472717,2.19269054946272,1.3979277610778809,0.9157495498657227,2.3208528140042057,1.465339183807373,0.9212074875831604,2.2444191702541216,1.4253185987472534,0.9113088846206665,2.3812306641121537,1.4653297662734985,0.8865479826927185,2.69319330468342,1.6694201231002808,0.8876837491989136,2.6796791365690367,1.6753002405166626,0.8055071234703064,3.5262517072963537,2.142427682876587,True,0.6,USB-WMHA-AWA-MORM
7,no_attention_shared,0.6,random_masking,0.33407703,0.25549396872520447,0.9983510375022888,1.4112134,0.6803833246231079,0.9705759882926941,2.5696040049546647,1.5421181917190552,0.896721601486206,0.9266726970672607,2.1651817759966274,1.3323742151260376,0.9222239851951599,2.22989466773366,1.3577855825424194,0.9089890122413635,2.4121723367605115,1.4501980543136597,0.9113921523094177,2.380113117030285,1.4332897663116455,0.9086064696311951,2.417236611694036,1.423455834388733,0.8892592787742615,2.6608178748559768,1.5792127847671509,0.8816488981246948,2.7507275572598604,1.6649420261383057,0.8249803781509399,3.3450667025953327,2.0956871509552,True,0.6,USB-WMHA-AWA-MORM
8,no_attention_shared,0.6,random_masking,0.5091081,0.319424569606781,0.9961705207824707,1.3273873,0.8920873403549194,0.9739677309989929,2.456380833837108,1.495618462562561,0.9056224822998047,0.9357416033744812,2.0268724661830952,1.2480971813201904,0.9320771098136902,2.0838643605247404,1.2955756187438965,0.9183357954025269,2.2849532077931487,1.409043788909912,0.9292864799499512,2.126241657794642,1.3220486640930176,0.9161683320999146,2.31507781406733,1.420709490776062,0.8933088779449463,2.611714211156737,1.618756651878357,0.8972275257110596,2.563302542456473,1.6555036306381226,0.8228342533111572,3.36551336105068,1.9952130317687988,True,0.6,USB-WMHA-AWA-MORM
9,no_attention_shared,0.6,random_masking,0.2704902,0.2057613879442215,0.9989190101623535,2.2851338,1.2354326248168945,0.9228492975234985,2.3994557955772384,1.4384734630584717,0.909946084022522,0.9428640007972717,1.9112445874633393,1.2271959781646729,0.9337108135223389,2.05865107823846,1.2959098815917969,0.9243698716163635,2.1989174563609515,1.345940113067627,0.9340282082557678,2.0537169742540855,1.2879530191421509,0.9219328165054321,2.234064040520324,1.3090873956680298,0.9064401388168335,2.4457171900487493,1.47525155544281,0.9021621942520142,2.501005924027179,1.501915454864502,0.8140605688095093,3.4478410019116152,2.0645344257354736,True,0.6,USB-WMHA-AWA-MORM
10,no_attention_shared,0.6,random_masking,0.45270434,0.38538292050361633,0.9969720840454102,1.1135057,0.7388798594474792,0.9816809892654419,2.6588837076775977,1.609700322151184,0.889420211315155,0.9222652316093445,2.2293027913489807,1.4138926267623901,0.9202767014503479,2.257637096310316,1.4356790781021118,0.9051394462585449,2.4626589612435805,1.5430952310562134,0.9063812494277954,2.446486413727346,1.4527281522750854,0.8998000621795654,2.5310177166641625,1.4751534461975098,0.8742587566375732,2.8353082468427058,1.7552882432937622,0.8869463205337524,2.688461131845928,1.7134482860565186,0.8002938032150269,3.573198950527562,2.0883171558380127,True,0.6,USB-WMHA-AWA-MORM
1,no_attention_simple_avg,0.1,random_masking,0.40067172,0.32968831062316895,0.9976280927658081,1.7874767,1.2228857278823853,0.9527939558029175,2.917612322138169,1.872936725616455,0.8668527603149414,0.9047587513923645,2.4675957601067138,1.6796679496765137,0.9016917943954468,2.5070116897633055,1.691068172454834,0.892909586429596,2.6165962120662623,1.7103132009506226,0.8881627321243286,2.6739589305283094,1.7414915561676025,0.8862165808677673,2.697124281376495,1.6915923357009888,0.8478695750236511,3.1186703474923614,2.049727201461792,0.8507859110832214,3.08863361258234,1.9775383472442627,0.7624269723892212,3.8972657913983375,2.4420957565307617,True,0.1,OSB-WMHA-APA-MORM
2,no_attention_simple_avg,0.1,random_masking,0.6292164,0.3910452425479889,0.9941505193710327,1.0403947,0.7040436267852783,0.9840076565742493,2.8103834029129207,1.8668383359909058,0.8764598369598389,0.9138985872268677,2.3462083258202355,1.628616452217102,0.9093573689460754,2.4072856903552213,1.6874974966049194,0.9010721445083618,2.514900434885583,1.7254486083984375,0.8973270654678345,2.5620606208555965,1.7390979528427124,0.8924140334129333,2.6226437302177805,1.7068427801132202,0.8594385385513306,2.997744188964953,1.9945777654647827,0.870768129825592,2.8743938968150924,1.927809238433838,0.7674026489257812,3.8562378275723987,2.5248162746429443,True,0.1,OSB-WMHA-APA-MORM
3,no_attention_simple_avg,0.1,random_masking,0.5589704,0.41269007325172424,0.9953836798667908,1.8187834,1.019138216972351,0.9511259198188782,2.5996966845311973,1.8007572889328003,0.8942884206771851,0.9305309653282166,2.1074492529645408,1.613580346107483,0.92779940366745,2.148482221658119,1.6266571283340454,0.9239380955696106,2.205185163685838,1.6383967399597168,0.9201411008834839,2.2595561861066007,1.6046890020370483,0.9118912220001221,2.373400300006264,1.6542315483093262,0.8890014290809631,2.6639138457139477,1.8518486022949219,0.8860599994659424,2.698979456848457,1.885650396347046,0.7649454474449158,3.8765535009326597,2.531005620956421,True,0.1,OSB-WMHA-APA-MORM
4,no_attention_simple_avg,0.1,random_masking,0.40987498,0.33378422260284424,0.9975178837776184,1.6518073,0.9394338726997375,0.9596878886222839,2.580760556571261,1.6656545400619507,0.8958228230476379,0.9264531135559082,2.168420912869799,1.4356223344802856,0.9227257966995239,2.222689395382528,1.453099012374878,0.9162740111351013,2.3136179515680353,1.4808238744735718,0.9101231694221497,2.3970954445499206,1.5475057363510132,0.9048274159431458,2.466706021312847,1.577422857284546,0.8908282518386841,2.6419016443754044,1.720318078994751,0.8902164101600647,2.649294104217361,1.7560049295425415,0.8051345944404602,3.5296271992362565,2.3544392585754395,True,0.1,OSB-WMHA-APA-MORM
5,no_attention_simple_avg,0.1,random_masking,0.518393,0.37059301137924194,0.9960296154022217,1.3879285,0.8828994035720825,0.9715389609336853,3.183978959632249,2.046051025390625,0.8414313197135925,0.8838298320770264,2.7252648006184628,1.814842700958252,0.8756405115127563,2.8196870316330966,1.8670680522918701,0.8690033555030823,2.8939532939777397,1.9136942625045776,0.8639230728149414,2.949535954071479,1.944530963897705,0.8741806745529175,2.8361890276713915,1.8365846872329712,0.834296464920044,3.254822747345573,2.1726155281066895,0.8116642236709595,3.4699872533910394,2.2778007984161377,0.7189123630523682,4.239184586552266,2.541271209716797,True,0.1,OSB-WMHA-APA-MORM
6,no_attention_simple_avg,0.1,random_masking,0.2763653,0.22468307614326477,0.9988715648651123,1.7963011,1.100989580154419,0.9523267149925232,2.72817394654017,1.7189898490905762,0.8835816979408264,0.9218683838844299,2.2349861216274225,1.5015754699707031,0.9197235107421875,2.265455673730442,1.4961025714874268,0.9112730026245117,2.3817128129692535,1.5679593086242676,0.9011634588241577,2.5137389321560155,1.6370114088058472,0.8993805050849915,2.536310764748602,1.5788687467575073,0.8705636262893677,2.8766668712075147,1.834562063217163,0.8697263598442078,2.8859561640740545,1.819588303565979,0.7749547958374023,3.793117972050189,2.3162500858306885,True,0.1,OSB-WMHA-APA-MORM
7,no_attention_simple_avg,0.1,random_masking,1.3659507,1.034848690032959,0.9724332094192505,1.9933059,1.3432221412658691,0.9412964582443237,3.1018579760270106,2.128370761871338,0.8495054244995117,0.906531810760498,2.444518914196164,1.7242416143417358,0.9060312509536743,2.4510559297777026,1.7328790426254272,0.8969337940216064,2.5669626593732717,1.8099175691604614,0.8739427924156189,2.838868699206254,1.9782088994979858,0.8749911189079285,2.827039478686191,1.9289164543151855,0.8442583084106445,3.155468985738649,2.252156972885132,0.8436651229858398,3.161472041913665,2.27693247795105,0.6496889591217041,4.732475277311675,3.323711633682251,True,0.1,OSB-WMHA-APA-MORM
8,no_attention_simple_avg,0.1,random_masking,0.44559875,0.3536302149295807,0.9970663785934448,1.4698898,0.9450587034225464,0.9680783152580261,2.7407907259691227,1.7210100889205933,0.8825024366378784,0.9196364879608154,2.2666838177798763,1.5384544134140015,0.9172224998474121,2.300475121227402,1.552319884300232,0.9060821533203125,2.4503917653345524,1.614741563796997,0.8978912830352783,2.555011600385934,1.6650140285491943,0.9014900326728821,2.509582655356253,1.5375388860702515,0.8756005167961121,2.820140632612782,1.759765863418579,0.8908157348632812,2.642052890770852,1.7144907712936401,0.7512807846069336,3.9876419137795884,2.385754346847534,True,0.1,OSB-WMHA-APA-MORM
9,no_attention_simple_avg,0.1,random_masking,0.35432386,0.27660372853279114,0.9981451034545898,2.435939,1.3783069849014282,0.9123303294181824,2.4899623587647235,1.6063395738601685,0.9030243754386902,0.9371917247772217,2.0038717463982527,1.3544732332229614,0.9365914463996887,2.0134244039708498,1.3754839897155762,0.9308440089225769,2.10269520237842,1.423382043838501,0.9234479665756226,2.212278249371634,1.4584325551986694,0.9231741428375244,2.2162320530783868,1.4367624521255493,0.8747769594192505,2.8294598711656294,1.790736436843872,0.8963311314582825,2.574457044671676,1.746599793434143,0.8018374443054199,3.5593628036651777,2.2648463249206543,True,0.1,OSB-WMHA-APA-MORM
10,no_attention_simple_avg,0.1,random_masking,0.43654507,0.3036123812198639,0.9971843957901001,1.6027827,1.0138397216796875,0.9620452523231506,2.6579149301605685,1.7238078117370605,0.8895007967948914,0.9330762624740601,2.0684806348720843,1.4677541255950928,0.9268910884857178,2.1619550999682127,1.5363311767578125,0.9179653525352478,2.2901300538292904,1.5942270755767822,0.9120455384254456,2.371320886432168,1.5680744647979736,0.9068240523338318,2.4406939390559166,1.5495470762252808,0.8772796392440796,2.801042829186787,1.8571171760559082,0.8729522228240967,2.8500004082395027,1.8788350820541382,0.7689719200134277,3.8432073442685915,2.338576555252075,True,0.1,OSB-WMHA-APA-MORM
1,shared_simple_avg,0.2,random_masking,0.6613037,0.2193737030029297,0.9935387372970581,1.5427353,0.914138913154602,0.9648358821868896,3.0782949332950698,1.7442797422409058,0.8517831563949585,0.8745419979095459,2.8321137514922667,1.5450783967971802,0.876757800579071,2.8069921179192923,1.5542880296707153,0.8699526786804199,2.8834485848679785,1.6147857904434204,0.8728653192520142,2.8509749970023788,1.5620144605636597,0.8707923293113708,2.8741244765942215,1.6129547357559204,0.843255341053009,3.1656130158780282,1.7766399383544922,0.8421466946601868,3.1767882830251715,1.8581602573394775,0.7639532089233398,3.884726714509444,2.430316209793091,True,0.2,USB-MHA-APA-MORM
2,shared_simple_avg,0.2,random_masking,0.8363027,0.3660643696784973,0.9896665811538696,0.9913411,0.6508428454399109,0.9854801297187805,2.8347619512817244,1.6258610486984253,0.8743072152137756,0.906548261642456,2.444303944432057,1.3013397455215454,0.9061815142631531,2.4490954111002123,1.3368295431137085,0.8919909000396729,2.6277960463684797,1.4841341972351074,0.8862857818603516,2.696303917810399,1.4932082891464233,0.8849760293960571,2.7117874615975053,1.5362392663955688,0.8654114603996277,2.9333611407551383,1.7112349271774292,0.8704540133476257,2.8778847858199783,1.760294795036316,0.7826099395751953,3.728046113911899,2.3836076259613037,True,0.2,USB-MHA-APA-MORM
3,shared_simple_avg,0.2,random_masking,0.3156367,0.1359712928533554,0.9985280632972717,1.274989,0.5365932583808899,0.9759824275970459,2.614770302540242,1.4536545276641846,0.8930590152740479,0.9112260341644287,2.3823424829407234,1.3007899522781372,0.910416305065155,2.393182819790759,1.3161194324493408,0.9020650386810303,2.502248134685899,1.3747395277023315,0.9046657085418701,2.468800894297143,1.306799292564392,0.9059105515480042,2.452629282243479,1.3182307481765747,0.8972635269165039,2.5628532538344246,1.4264711141586304,0.8929519057273865,2.6160791583902556,1.5508335828781128,0.8199729919433594,3.39258177937699,2.035252571105957,True,0.2,USB-MHA-APA-MORM
4,shared_simple_avg,0.2,random_masking,0.9795271,0.30432504415512085,0.9858241081237793,1.6105794,0.768342912197113,0.9616751074790955,2.785667340438498,1.5620372295379639,0.8786232471466064,0.9153742790222168,2.3260154639506587,1.1941698789596558,0.9123662114143372,2.366994314840409,1.2788335084915161,0.9025778770446777,2.4956877711097394,1.3998358249664307,0.9024569988250732,2.4972353907902596,1.3309341669082642,0.8953467011451721,2.586651568057378,1.4859005212783813,0.8677375912666321,2.9079012537985642,1.6898859739303589,0.8776078820228577,2.7972945426103553,1.6583025455474854,0.7555181980133057,3.9535271360894817,2.4584360122680664,True,0.2,USB-MHA-APA-MORM
5,shared_simple_avg,0.2,random_masking,0.33693492,0.135732963681221,0.9983227252960205,1.104275,0.5603408217430115,0.981983482837677,2.4734761835713277,1.270301103591919,0.9043042659759521,0.9437482357025146,1.8963978175044702,0.9623230695724487,0.9404923319816589,1.9505091736007445,1.0061957836151123,0.9195249080657959,2.268256822688268,1.1407338380813599,0.9117656946182251,2.3750908482894237,1.136951208114624,0.906946063041687,2.439095390728547,1.2229845523834229,0.8947834968566895,2.593601911982279,1.368133783340454,0.8993964791297913,2.536109874270545,1.3816025257110596,0.8177769780158997,3.413210555217842,1.9434841871261597,True,0.2,USB-MHA-APA-MORM
6,shared_simple_avg,0.2,random_masking,0.40693778,0.19487787783145905,0.9975533485412598,1.9451351,1.0614302158355713,0.9440994262695312,2.96172489375929,1.671571135520935,0.8627960681915283,0.8926470279693604,2.619802051521079,1.4439386129379272,0.8892496824264526,2.6609330128549584,1.4942387342453003,0.8837593793869019,2.726091754138815,1.554847002029419,0.8746272325515747,2.8311513651999145,1.541346788406372,0.8601459860801697,2.9901908407898086,1.6464734077453613,0.8207355737686157,3.38538880948074,1.824011206626892,0.8691230416297913,2.8926308760382415,1.6945055723190308,0.8120807409286499,3.4661480191646863,2.1732075214385986,True,0.2,USB-MHA-APA-MORM
7,shared_simple_avg,0.2,random_masking,0.6896872,0.26862919330596924,0.992972195148468,1.1915526,0.5349041819572449,0.9790230393409729,3.033033495186356,1.793486475944519,0.8561097383499146,0.8817577958106995,2.749461814930157,1.5752780437469482,0.8806596994400024,2.762199219774729,1.6002908945083618,0.8736901879310608,2.8417118020449132,1.6438977718353271,0.8617377281188965,2.9731262076156693,1.6575090885162354,0.8713462352752686,2.867957404188774,1.6483968496322632,0.8562532067298889,3.031520398851029,1.7843973636627197,0.8496660590171814,3.1002020554681597,1.870478868484497,0.7737666964530945,3.803117432034312,2.567643642425537,True,0.2,USB-MHA-APA-MORM
8,shared_simple_avg,0.2,random_masking,1.3152802,0.39755603671073914,0.9744404554367065,1.2791201,0.7752298712730408,0.9758265018463135,2.968716912336173,1.7910460233688354,0.8621475100517273,0.8899499773979187,2.652507074690003,1.5514416694641113,0.8918934464454651,2.6289813412148924,1.562592625617981,0.8794066309928894,2.776663008691669,1.6452301740646362,0.8839353322982788,2.724027663175856,1.5721803903579712,0.8856013417243958,2.7044062582263213,1.6045572757720947,0.8779031038284302,2.793918944164064,1.7199788093566895,0.8661396503448486,2.9254145271464775,1.8976870775222778,0.7223505973815918,4.213178332129462,2.7746999263763428,True,0.2,USB-MHA-APA-MORM
9,shared_simple_avg,0.2,random_masking,1.027777,0.42958322167396545,0.9843931794166565,2.0564463,0.9844332337379456,0.9375185370445251,2.943065646373649,1.6911771297454834,0.8645194172859192,0.9011942148208618,2.5133476611402723,1.389999270439148,0.9031233191490173,2.488691598541319,1.4106247425079346,0.8898904323577881,2.6532247931198607,1.509236454963684,0.8816519379615784,2.7506923670927956,1.5360547304153442,0.9025794863700867,2.495666945000116,1.4404075145721436,0.8255162835121155,3.339941833126654,1.8683570623397827,0.8884193897247314,2.670888796829036,1.6595840454101562,0.7237805128097534,4.2023153553372365,2.7151525020599365,True,0.2,USB-MHA-APA-MORM
10,shared_simple_avg,0.2,random_masking,0.2941757,0.1655382364988327,0.9987214207649231,1.2201748,0.7938205003738403,0.9780031442642212,2.875509134075454,1.5195461511611938,0.8706678152084351,0.8944741487503052,2.5974121896919633,1.2749303579330444,0.8954130411148071,2.5858311011792097,1.300707221031189,0.8846766948699951,2.7153133727133842,1.3803517818450928,0.8859648704528809,2.7001055131711205,1.3478201627731323,0.8799347877502441,2.7705760539985165,1.4065587520599365,0.8721104264259338,2.8594268627362025,1.5707069635391235,0.8732184767723083,2.8470126708123575,1.6241003274917603,0.7795499563217163,3.7541922977319113,2.2511935234069824,True,0.2,USB-MHA-APA-MORM
1,minimal_model,0.4,random_masking,0.30708814,0.24198870360851288,0.9986066818237305,1.6419934,1.0187232494354248,0.9601655006408691,3.16706144649446,1.9193400144577026,0.8431118726730347,0.8873236775398254,2.6839709509629186,1.6564871072769165,0.8821735978126526,2.744623563904136,1.7177917957305908,0.8691069483757019,2.89280906852592,1.7409335374832153,0.8688330054283142,2.895834522567249,1.772946834564209,0.8733740448951721,2.845265581979058,1.7637274265289307,0.8230962753295898,3.363024056023329,2.1202034950256348,0.8208956718444824,3.3838764306000892,2.088259220123291,0.7200918197631836,4.230281413571997,2.494370460510254,True,0.4,USB-WMHA-APA-MORM
2,minimal_model,0.4,random_masking,0.27903903,0.22830235958099365,0.998849630355835,0.89222044,0.5999135375022888,0.9882385730743408,3.22758294103116,1.9241943359375,0.837058424949646,0.8749470710754395,2.8275379393550906,1.7442108392715454,0.8715587854385376,2.865587333672931,1.773508071899414,0.8588247299194336,3.00428227922155,1.8025366067886353,0.8586944341659546,3.0056682126815195,1.7907320261001587,0.8641219735145569,2.9473793609494985,1.6729460954666138,0.8082223534584045,3.501551011971826,2.1902475357055664,0.8257952928543091,3.3372701444304353,2.016845941543579,0.734302818775177,4.121496388802271,2.402526378631592,True,0.4,USB-WMHA-APA-MORM
3,minimal_model,0.4,random_masking,0.4561415,0.3828927278518677,0.9969258904457092,1.6501508,1.0100783109664917,0.9597687125205994,3.012400746590108,1.7593491077423096,0.8580607175827026,0.8972256183624268,2.5633265395088927,1.4992159605026245,0.8953396081924438,2.5867386697631813,1.5232559442520142,0.8842285871505737,2.7205835057325145,1.5918211936950684,0.8780081868171692,2.792716146930339,1.6590161323547363,0.8699436187744141,2.8835487976125687,1.67526376247406,0.849426805973053,3.102667854188638,1.9184178113937378,0.8564361333847046,3.0295913720386056,1.87625253200531,0.7338771224021912,4.124796775666864,2.331549644470215,True,0.4,USB-WMHA-APA-MORM
4,minimal_model,0.4,random_masking,0.11356056,0.08894826471805573,0.9998094439506531,1.2825567,0.684744656085968,0.9756964445114136,2.395341496500484,1.4226646423339844,0.9102546572685242,0.9441542029380798,1.889542514089556,1.2077916860580444,0.9377689957618713,1.9946416361856634,1.2415722608566284,0.9255788922309875,2.181270448430354,1.3321408033370972,0.9340429306030273,2.0534877973314236,1.3033130168914795,0.9220401644706726,2.232527923067618,1.3038737773895264,0.9003870487213135,2.5235932009820776,1.5021556615829468,0.9038562774658203,2.4792587092220564,1.501270055770874,0.8142086267471313,3.4464676838539496,1.9891997575759888,True,0.4,USB-WMHA-APA-MORM
5,minimal_model,0.4,random_masking,0.80597246,0.5699179768562317,0.9904025197029114,1.5846845,1.0606440305709839,0.9628975987434387,2.759952309376109,1.6728785037994385,0.8808537721633911,0.9104498624801636,2.392734569183739,1.4058119058609009,0.9065919518470764,2.44373190012129,1.458039402961731,0.888707160949707,2.66744261618244,1.5758345127105713,0.8998821377754211,2.529980564872065,1.5035985708236694,0.9009745717048645,2.516139860362599,1.5003361701965332,0.8624277710914612,2.9656974759506176,1.8141769170761108,0.8658693432807922,2.9283667270216083,1.8933968544006348,0.8119274377822876,3.4675618104163073,2.2318339347839355,True,0.4,USB-WMHA-APA-MORM
6,minimal_model,0.4,random_masking,0.22235875,0.17898014187812805,0.9992694854736328,1.6766363,1.0602601766586304,0.9584668874740601,2.70701953615679,1.562964677810669,0.8853801488876343,0.930980384349823,2.1006207820142886,1.2843188047409058,0.9255351424217224,2.181911195593006,1.318106770515442,0.914497971534729,2.338027988308735,1.4114763736724854,0.9102238416671753,2.395752537788608,1.4538617134094238,0.9043998122215271,2.4722413111127146,1.433186411857605,0.860510528087616,2.9862913998927234,1.7514814138412476,0.872260570526123,2.8577475997705153,1.6861580610275269,0.7646328210830688,3.879130346426615,2.1651270389556885,True,0.4,USB-WMHA-APA-MORM
7,minimal_model,0.4,random_masking,0.21684507,0.17427964508533478,0.999305248260498,1.035265,0.7107251286506653,0.9841649532318115,2.7937598755254447,1.6298307180404663,0.8779169917106628,0.9088878631591797,2.4135127259419393,1.3985826969146729,0.9063612222671509,2.4467482571765697,1.425289273262024,0.8927158713340759,2.618962201463647,1.5102813243865967,0.8950415849685669,2.590419699491366,1.5160118341445923,0.8894853591918945,2.658100157011046,1.5049856901168823,0.8559853434562683,3.0343439102544463,1.848894476890564,0.8828607201576233,2.7366091075455445,1.6654467582702637,0.7919979691505432,3.646659859111041,2.1691534519195557,True,0.4,USB-WMHA-APA-MORM
8,minimal_model,0.4,random_masking,0.6040579,0.4570409953594208,0.9946089386940002,1.4969413,1.0041651725769043,0.9668925404548645,2.640874907275789,1.6347180604934692,0.8909130692481995,0.9216703176498413,2.237817419968561,1.3786201477050781,0.9189937710762024,2.2757295675331632,1.4080222845077515,0.9072453379631042,2.4351700626650987,1.490655779838562,0.9059122204780579,2.452607701665524,1.5070686340332031,0.9011380672454834,2.514062431719526,1.48722243309021,0.8776862621307373,2.7963988682046836,1.8193480968475342,0.8881418704986572,2.674208397361872,1.7601031064987183,0.8065166473388672,3.517087911774511,2.2267043590545654,True,0.4,USB-WMHA-APA-MORM
9,minimal_model,0.4,random_masking,0.18846995,0.1498655080795288,0.9994751811027527,2.1661627,1.2422716617584229,0.9306735992431641,2.590512656800334,1.5363152027130127,0.8950340151786804,0.9267765879631042,2.163647002397264,1.3049777746200562,0.9198426008224487,2.26377508999482,1.3740493059158325,0.9092816114425659,2.4082919287724804,1.4669057130813599,0.909062922000885,2.4111930311245313,1.430511236190796,0.9037657976150513,2.480425496362544,1.464612603187561,0.8901214599609375,2.650439200803014,1.6616740226745605,0.8802595138549805,2.766826734929715,1.6312098503112793,0.8211617469787598,3.3813620049898625,1.956580400466919,True,0.4,USB-WMHA-APA-MORM
10,minimal_model,0.4,random_masking,0.3997978,0.30741286277770996,0.997638463973999,1.0410097,0.6947536468505859,0.9839887022972107,2.5116833436644743,1.5329070091247559,0.9013250470161438,0.939233660697937,1.9710290221579603,1.2431647777557373,0.9362066984176636,2.019523812433415,1.2851766347885132,0.9238462448120117,2.206516117980163,1.3771216869354248,0.9287522435188293,2.1342588557845725,1.3441516160964966,0.9160448908805847,2.316781076400884,1.402499794960022,0.8798244595527649,2.7718484974038198,1.741101622581482,0.8946172595024109,2.595650034434019,1.718314528465271,0.7920750379562378,3.6459841597103635,2.1517255306243896,True,0.4,USB-WMHA-APA-MORM
